no,ctg_id,ctg_nm_level1,ctg_nm_level2,ctg_nm_level3,ctg_folder_level1,ctg_folder_level2,ctg_folder_level3
1,1,가구,거실가구,장식장,L1_1,L2_1,L3_1
2,2,가구,거실가구,TV거실장,L1_1,L2_1,L3_2
3,3,가구,거실가구,거실테이블,L1_1,L2_1,L3_3
4,4,가구,거실가구,사이드테이블,L1_1,L2_1,L3_4
5,5,가구,거실가구,소파,L1_1,L2_1,L3_5
6,6,가구,거실가구,거실의자,L1_1,L2_1,L3_6
7,7,가구,거실가구,좌식의자,L1_1,L2_1,L3_7
8,8,가구,거실가구,흔들의자,L1_1,L2_1,L3_8
9,9,가구,사무/학습용가구,독서실책상,L1_1,L2_2,L3_9
10,10,가구,사무/학습용가구,사무용 책상,L1_1,L2_2,L3_10
11,11,가구,사무/학습용가구,일자형책상,L1_1,L2_2,L3_11
12,12,가구,사무/학습용가구,협탁,L1_1,L2_2,L3_12
13,13,가구,사무/학습용가구,캐비닛,L1_1,L2_2,L3_13
14,14,가구,사무/학습용가구,책장,L1_1,L2_2,L3_14
15,15,가구,사무/학습용가구,사무용의자,L1_1,L2_2,L3_15
16,16,가구,야외용가구,벤치,L1_1,L2_3,L3_16
17,17,가구,야외용가구,야외용의자(선베드),L1_1,L2_3,L3_17
18,18,가구,주방침실가구,"주방수납장(상부, 하부장)",L1_1,L2_4,L3_18
19,19,가구,주방침실가구,싱크대,L1_1,L2_4,L3_19
20,20,가구,주방침실가구,침대,L1_1,L2_4,L3_20
21,21,가구,주방침실가구,식탁,L1_1,L2_4,L3_21
22,22,가구,주방침실가구,서랍장,L1_1,L2_4,L3_22
23,23,가구,주방침실가구,스툴,L1_1,L2_4,L3_23
24,24,가구,주방침실가구,옷장,L1_1,L2_4,L3_24
25,25,가구,주방침실가구,2층침대,L1_1,L2_4,L3_25
26,26,가구,주방침실가구,화장대(+거울),L1_1,L2_4,L3_26
27,27,가전/디지털,계절가전,공기청정기,L1_2,L2_5,L3_27
28,28,가전/디지털,계절가전,스탠드에어컨,L1_2,L2_5,L3_28
29,29,가전/디지털,계절가전,벽걸이에어컨,L1_2,L2_5,L3_29
30,30,가전/디지털,계절가전,잔디깎이,L1_2,L2_5,L3_30
31,31,가전/디지털,계절가전,가습기,L1_2,L2_5,L3_31
32,32,가전/디지털,계절가전,제습기,L1_2,L2_5,L3_32
33,33,가전/디지털,계절가전,스탠드형 선풍기,L1_2,L2_5,L3_33
34,34,가전/디지털,계절가전,천장형 선풍기,L1_2,L2_5,L3_34
35,35,가전/디지털,계절가전,전기히터,L1_2,L2_5,L3_35
36,36,가전/디지털,계절가전,라디에이터,L1_2,L2_5,L3_36
37,37,가전/디지털,계절가전,서큘레이터,L1_2,L2_5,L3_37
38,38,가전/디지털,주방가전,환풍기,L1_2,L2_6,L3_38
39,39,가전/디지털,주방가전,전자레인지,L1_2,L2_6,L3_39
40,40,가전/디지털,주방가전,가스레인지,L1_2,L2_6,L3_40
41,41,가전/디지털,주방가전,가스레인지후드,L1_2,L2_6,L3_41
42,42,가전/디지털,주방가전,믹서기 및 착즙기,L1_2,L2_6,L3_42
43,43,가전/디지털,주방가전,오븐,L1_2,L2_6,L3_43
44,44,가전/디지털,주방가전,에어프라이어,L1_2,L2_6,L3_44
45,45,가전/디지털,주방가전,커피머신,L1_2,L2_6,L3_45
46,46,가전/디지털,주방가전,전기밥솥,L1_2,L2_6,L3_46
47,47,가전/디지털,주방가전,전기그릴,L1_2,L2_6,L3_47
48,48,가전/디지털,주방가전,전기포트,L1_2,L2_6,L3_48
49,49,가전/디지털,주방가전,토스터기,L1_2,L2_6,L3_49
50,50,가전/디지털,주방가전,와인셀러,L1_2,L2_6,L3_50
51,51,가전/디지털,주방가전,냉장고,L1_2,L2_6,L3_51
52,52,가전/디지털,주방가전,김치냉장고,L1_2,L2_6,L3_52
53,53,가전/디지털,주방가전,식기세척기,L1_2,L2_6,L3_53
54,54,가전/디지털,주방가전,와플팬,L1_2,L2_6,L3_54
55,55,가전/디지털,주방가전,음식물처리기,L1_2,L2_6,L3_55
56,56,가전/디지털,주방가전,정수기(이온수기 포함),L1_2,L2_6,L3_56
57,57,가전/디지털,생활가전,통돌이세탁기,L1_2,L2_7,L3_57
58,58,가전/디지털,생활가전,드럼세탁기,L1_2,L2_7,L3_58
59,59,가전/디지털,생활가전,다리미,L1_2,L2_7,L3_59
60,60,가전/디지털,생활가전,재봉틀,L1_2,L2_7,L3_60
61,61,가전/디지털,생활가전,일반청소기,L1_2,L2_7,L3_61
62,62,가전/디지털,생활가전,무선청소기,L1_2,L2_7,L3_62
63,63,가전/디지털,생활가전,핸디형청소기,L1_2,L2_7,L3_63
64,64,가전/디지털,생활가전,로봇청소기,L1_2,L2_7,L3_64
65,65,가전/디지털,영상가전,TV,L1_2,L2_8,L3_65
66,66,가전/디지털,영상가전,브라운관TV,L1_2,L2_8,L3_66
67,67,가전/디지털,영상가전,빔프로젝터,L1_2,L2_8,L3_67
68,68,가전/디지털,영상가전,DSLR 카메라,L1_2,L2_8,L3_68
69,69,가전/디지털,영상가전,폴라로이드 카메라,L1_2,L2_8,L3_69
70,70,가전/디지털,영상가전,디지털카메라,L1_2,L2_8,L3_70
71,71,가전/디지털,영상가전,삼각대,L1_2,L2_8,L3_71
72,72,가전/디지털,영상가전,캠코더,L1_2,L2_8,L3_72
73,73,가전/디지털,영상가전,VR기기,L1_2,L2_8,L3_73
74,74,가전/디지털,영상가전,리모콘,L1_2,L2_8,L3_74
75,75,가전/디지털,디지털기기,모니터(모니터 액세서리 포함),L1_2,L2_9,L3_75
76,76,가전/디지털,디지털기기,노트북컴퓨터,L1_2,L2_9,L3_76
77,77,가전/디지털,디지털기기,태블릿PC ,L1_2,L2_9,L3_77
78,78,가전/디지털,디지털기기,스마트폰,L1_2,L2_9,L3_78
79,79,가전/디지털,디지털기기,휴대전화플립형,L1_2,L2_9,L3_79
80,80,가전/디지털,디지털기기,스마트워치,L1_2,L2_9,L3_80
81,81,가전/디지털,디지털기기,휴대기기 보조배터리,L1_2,L2_9,L3_81
82,82,가전/디지털,디지털기기,키보드,L1_2,L2_9,L3_82
83,83,가전/디지털,디지털기기,타자기,L1_2,L2_9,L3_83
84,84,가전/디지털,디지털기기,마우스,L1_2,L2_9,L3_84
85,85,가전/디지털,디지털기기,프린터기,L1_2,L2_9,L3_85
86,86,가전/디지털,디지털기기,복합기,L1_2,L2_9,L3_86
87,87,가전/디지털,디지털기기,데스크탑컴퓨터,L1_2,L2_9,L3_87
88,88,가전/디지털,디지털기기,"휴대전화(바형, 버튼식)",L1_2,L2_9,L3_88
89,89,가전/디지털,디지털기기,스캐너,L1_2,L2_9,L3_89
90,90,가전/디지털,디지털기기,유심카드,L1_2,L2_9,L3_90
91,91,가전/디지털,디지털기기,USB,L1_2,L2_9,L3_91
92,92,가전/디지털,통신기기,가정용유선전화기,L1_2,L2_10,L3_92
93,93,가전/디지털,통신기기,가정용무선전화기,L1_2,L2_10,L3_93
94,94,가전/디지털,통신기기,홈네트워크단말기,L1_2,L2_10,L3_94
95,95,가전/디지털,미용/헬스케어가전,전기면도기,L1_2,L2_11,L3_95
96,96,가전/디지털,미용/헬스케어가전,헤어드라이어,L1_2,L2_11,L3_96
97,97,가전/디지털,미용/헬스케어가전,헤어스타일링 기기(고데기),L1_2,L2_11,L3_97
98,98,가전/디지털,미용/헬스케어가전,안마의자,L1_2,L2_11,L3_98
99,99,가전/디지털,미용/헬스케어가전,손 건조기,L1_2,L2_11,L3_99
100,100,가전/디지털,미용/헬스케어가전,손 소독기,L1_2,L2_11,L3_100
101,101,가전/디지털,차량용기기,내비게이션,L1_2,L2_12,L3_101
102,102,가전/디지털,차량용기기,주차정산기,L1_2,L2_12,L3_102
103,103,가전/디지털,음향가전,스피커,L1_2,L2_13,L3_103
104,104,가전/디지털,음향가전,LP플레이어,L1_2,L2_13,L3_104
105,105,가전/디지털,음향가전,CD플레이어,L1_2,L2_13,L3_105
106,106,가전/디지털,음향가전,오디오,L1_2,L2_13,L3_106
107,107,가전/디지털,음향가전,유선이어폰,L1_2,L2_13,L3_107
108,108,가전/디지털,음향가전,MP3 플레이어,L1_2,L2_13,L3_108
109,109,가전/디지털,음향가전,라디오,L1_2,L2_13,L3_109
110,110,가전/디지털,음향가전,무선이어폰,L1_2,L2_13,L3_110
111,111,가전/디지털,음향가전,헤드폰,L1_2,L2_13,L3_111
112,112,가전/디지털,음향가전,마이크,L1_2,L2_13,L3_112
113,113,가전/디지털,보안기기,디지털도어록,L1_2,L2_14,L3_113
114,114,가전/디지털,보안기기,CCTV,L1_2,L2_14,L3_114
115,115,가전/디지털,보안기기,지문인식기,L1_2,L2_14,L3_115
116,116,가전/디지털,상업용기기,신용카드 매출발행기,L1_2,L2_15,L3_116
117,117,가전/디지털,상업용기기,현금인출기,L1_2,L2_15,L3_117
118,118,가전/디지털,상업용기기,자판기,L1_2,L2_15,L3_118
119,119,가전/디지털,상업용기기,POS 바코드 스캐너,L1_2,L2_15,L3_119
120,120,가전/디지털,기타기기,드론,L1_2,L2_16,L3_120
121,121,가전/디지털,기타기기,거리측정기(골프용),L1_2,L2_16,L3_121
122,122,생활,주방용품,주방용 보관용기,L1_3,L2_17,L3_122
123,123,생활,주방용품,머그컵,L1_3,L2_17,L3_123
124,124,생활,주방용품,찻잔,L1_3,L2_17,L3_124
125,125,생활,주방용품,물병,L1_3,L2_17,L3_125
126,126,생활,주방용품,텀블러,L1_3,L2_17,L3_126
127,127,생활,주방용품,맥주잔,L1_3,L2_17,L3_127
128,128,생활,주방용품,보울(그릇),L1_3,L2_17,L3_128
129,129,생활,주방용품,감자칼,L1_3,L2_17,L3_129
130,130,생활,주방용품,갈릭프레스,L1_3,L2_17,L3_130
131,131,생활,주방용품,칵테일쉐이커,L1_3,L2_17,L3_131
132,132,생활,주방용품,와인잔,L1_3,L2_17,L3_132
133,133,생활,주방용품,와인오프너,L1_3,L2_17,L3_133
134,134,생활,주방용품,와인디캔터,L1_3,L2_17,L3_134
135,135,생활,주방용품,접시거치대,L1_3,L2_17,L3_135
136,136,생활,주방용품,절구,L1_3,L2_17,L3_136
137,137,생활,주방용품,도시락(용기),L1_3,L2_17,L3_137
138,138,생활,주방용품,비닐봉지,L1_3,L2_17,L3_138
139,139,생활,주방용품,쟁반/트레이,L1_3,L2_17,L3_139
140,140,생활,주방용품,얼음틀,L1_3,L2_17,L3_140
141,141,생활,주방용품,냄비,L1_3,L2_17,L3_141
142,142,생활,주방용품,가마솥,L1_3,L2_17,L3_142
143,143,생활,주방용품,프라이팬/후라이팬,L1_3,L2_17,L3_143
144,144,생활,주방용품,도마,L1_3,L2_17,L3_144
145,145,생활,주방용품,숟가락,L1_3,L2_17,L3_145
146,146,생활,주방용품,포크,L1_3,L2_17,L3_146
147,147,생활,주방용품,젓가락,L1_3,L2_17,L3_147
148,148,생활,주방용품,국자,L1_3,L2_17,L3_148
149,149,생활,주방용품,주걱,L1_3,L2_17,L3_149
150,150,생활,주방용품,주방용칼,L1_3,L2_17,L3_150
151,151,생활,주방용품,채칼,L1_3,L2_17,L3_151
152,152,생활,주방용품,빵칼,L1_3,L2_17,L3_152
153,153,생활,주방용품,멀티쿠커,L1_3,L2_17,L3_153
154,154,생활,주방용품,고무장갑,L1_3,L2_17,L3_154
155,155,생활,주방용품,계량컵,L1_3,L2_17,L3_155
156,156,생활,주방용품,저울,L1_3,L2_17,L3_156
157,157,생활,주방용품,주전자/티포트,L1_3,L2_17,L3_157
158,158,생활,주방용품,종이컵,L1_3,L2_17,L3_158
159,159,생활,주방용품,식판,L1_3,L2_17,L3_159
160,160,생활,주방용품,물티슈,L1_3,L2_17,L3_160
161,161,생활,주방용품,앞치마,L1_3,L2_17,L3_161
162,162,생활,주방용품,석쇠,L1_3,L2_17,L3_162
163,163,생활,주방용품,항아리,L1_3,L2_17,L3_163
164,164,생활,주방용품,음료용 빨대,L1_3,L2_17,L3_164
165,165,생활,주방용품,비커,L1_3,L2_17,L3_165
166,166,생활,주방용품,병따개,L1_3,L2_17,L3_166
167,167,생활,주방용품,병뚜껑,L1_3,L2_17,L3_167
168,168,생활,주방용품,부탄가스,L1_3,L2_17,L3_168
169,169,생활,욕실용품,일반칫솔,L1_3,L2_18,L3_169
170,170,생활,욕실용품,전동칫솔,L1_3,L2_18,L3_170
171,171,생활,욕실용품,치간칫솔,L1_3,L2_18,L3_171
172,172,생활,욕실용품,치실,L1_3,L2_18,L3_172
173,173,생활,욕실용품,세면대,L1_3,L2_18,L3_173
174,174,생활,욕실용품,변기,L1_3,L2_18,L3_174
175,175,생활,욕실용품,욕조,L1_3,L2_18,L3_175
176,176,생활,욕실용품,비데,L1_3,L2_18,L3_176
177,177,생활,욕실용품,샤워헤드(샤워기+호스),L1_3,L2_18,L3_177
178,178,생활,욕실용품,수도꼭지,L1_3,L2_18,L3_178
179,179,생활,욕실용품,휴지걸이,L1_3,L2_18,L3_179
180,180,생활,욕실용품,변기솔,L1_3,L2_18,L3_180
181,181,생활,욕실용품,두루마리휴지,L1_3,L2_18,L3_181
182,182,생활,욕실용품,각티슈,L1_3,L2_18,L3_182
183,183,생활,욕실용품,치약,L1_3,L2_18,L3_183
184,184,생활,욕실용품,디스펜서,L1_3,L2_18,L3_184
185,185,생활,의료/헬스케어용품,휠체어,L1_3,L2_19,L3_185
186,186,생활,의료/헬스케어용품,지팡이,L1_3,L2_19,L3_186
187,187,생활,의료/헬스케어용품,목발,L1_3,L2_19,L3_187
188,188,생활,의료/헬스케어용품,체중계,L1_3,L2_19,L3_188
189,189,생활,의료/헬스케어용품,신장계,L1_3,L2_19,L3_189
190,190,생활,의료/헬스케어용품,산소마스크,L1_3,L2_19,L3_190
191,191,생활,의료/헬스케어용품,온도계,L1_3,L2_19,L3_191
192,192,생활,의료/헬스케어용품,체온계,L1_3,L2_19,L3_192
193,193,생활,의료/헬스케어용품,구급상자,L1_3,L2_19,L3_193
194,194,생활,의료/헬스케어용품,일회용밴드(대일밴드),L1_3,L2_19,L3_194
195,195,생활,의료/헬스케어용품,연고,L1_3,L2_19,L3_195
196,196,생활,의료/헬스케어용품,알약,L1_3,L2_19,L3_196
197,197,생활,의료/헬스케어용품,먼지차단마스크,L1_3,L2_19,L3_197
198,198,생활,의료/헬스케어용품,방독면,L1_3,L2_19,L3_198
199,199,생활,의료/헬스케어용품,면봉,L1_3,L2_19,L3_199
200,200,생활,의료/헬스케어용품,콘택트렌즈,L1_3,L2_19,L3_200
201,201,생활,의료/헬스케어용품,돋보기,L1_3,L2_19,L3_201
202,202,생활,의료/헬스케어용품,현미경,L1_3,L2_19,L3_202
203,203,생활,의료/헬스케어용품,핀셋,L1_3,L2_19,L3_203
204,204,생활,의료/헬스케어용품,청진기,L1_3,L2_19,L3_204
205,205,생활,의료/헬스케어용품,주사기,L1_3,L2_19,L3_205
206,206,생활,홈데코/소품,디지털탁상시계,L1_3,L2_20,L3_206
207,207,생활,홈데코/소품,탁상시계(자명종),L1_3,L2_20,L3_207
208,208,생활,홈데코/소품,괘종시계,L1_3,L2_20,L3_208
209,209,생활,홈데코/소품,벽시계,L1_3,L2_20,L3_209
210,210,생활,홈데코/소품,크리스마스양말,L1_3,L2_20,L3_210
211,211,생활,홈데코/소품,선물,L1_3,L2_20,L3_211
212,212,생활,홈데코/소품,형광등,L1_3,L2_20,L3_212
213,213,생활,홈데코/소품,스탠드조명,L1_3,L2_20,L3_213
214,214,생활,홈데코/소품,탁상조명,L1_3,L2_20,L3_214
215,215,생활,홈데코/소품,양초,L1_3,L2_20,L3_215
216,216,생활,홈데코/소품,지구본,L1_3,L2_20,L3_216
217,217,생활,홈데코/소품,종이상자,L1_3,L2_20,L3_217
218,218,생활,홈데코/소품,전구,L1_3,L2_20,L3_218
219,219,생활,홈데코/소품,문고리,L1_3,L2_20,L3_219
220,220,생활,홈데코/소품,달력,L1_3,L2_20,L3_220
221,221,생활,홈데코/소품,꽃병,L1_3,L2_20,L3_221
222,222,생활,홈데코/소품,화분,L1_3,L2_20,L3_222
223,223,생활,홈데코/소품,커튼,L1_3,L2_20,L3_223
224,224,생활,홈데코/소품,블라인드,L1_3,L2_20,L3_224
225,225,생활,홈데코/소품,창문,L1_3,L2_20,L3_225
226,226,생활,홈데코/소품,크리스마스트리,L1_3,L2_20,L3_226
227,227,생활,홈데코/소품,가랜드,L1_3,L2_20,L3_227
228,228,생활,홈데코/소품,깃발,L1_3,L2_20,L3_228
229,229,생활,홈데코/소품,호박등(할로윈),L1_3,L2_20,L3_229
230,230,생활,홈데코/소품,보물상자,L1_3,L2_20,L3_230
231,231,생활,홈데코/소품,트로피,L1_3,L2_20,L3_231
232,232,생활,홈데코/소품,벽난로,L1_3,L2_20,L3_232
233,233,생활,홈데코/소품,샹들리에,L1_3,L2_20,L3_233
234,234,생활,홈데코/소품,어항,L1_3,L2_20,L3_234
235,235,생활,홈데코/소품,행거,L1_3,L2_20,L3_235
236,236,생활,홈데코/소품,베개,L1_3,L2_20,L3_236
237,237,생활,홈데코/소품,모래시계,L1_3,L2_20,L3_237
238,238,생활,홈데코/소품,종,L1_3,L2_20,L3_238
239,239,생활,홈데코/소품,버티컬블라인드,L1_3,L2_20,L3_239
240,240,생활,홈데코/소품,쿠션,L1_3,L2_20,L3_240
241,241,생활,홈데코/소품,병풍,L1_3,L2_20,L3_241
242,242,생활,홈데코/소품,리본(장식),L1_3,L2_20,L3_242
243,243,생활,홈데코/소품,디퓨저,L1_3,L2_20,L3_243
244,244,생활,홈데코/소품,부채,L1_3,L2_20,L3_244
245,245,생활,홈데코/소품,문,L1_3,L2_20,L3_245
246,246,생활,공구/부품,전동드릴,L1_3,L2_21,L3_246
247,247,생활,공구/부품,드라이버,L1_3,L2_21,L3_247
248,248,생활,공구/부품,못,L1_3,L2_21,L3_248
249,249,생활,공구/부품,볼트(나사),L1_3,L2_21,L3_249
250,250,생활,공구/부품,너트,L1_3,L2_21,L3_250
251,251,생활,공구/부품,수평계,L1_3,L2_21,L3_251
252,252,생활,공구/부품,사다리,L1_3,L2_21,L3_252
253,253,생활,공구/부품,멀티탭,L1_3,L2_21,L3_253
254,254,생활,공구/부품,공구함,L1_3,L2_21,L3_254
255,255,생활,공구/부품,맥가이버칼,L1_3,L2_21,L3_255
256,256,생활,공구/부품,플러그,L1_3,L2_21,L3_256
257,257,생활,공구/부품,페인트붓,L1_3,L2_21,L3_257
258,258,생활,공구/부품,줄자,L1_3,L2_21,L3_258
259,259,생활,공구/부품,망치,L1_3,L2_21,L3_259
260,260,생활,공구/부품,푸시형버튼,L1_3,L2_21,L3_260
261,261,생활,공구/부품,콘센트,L1_3,L2_21,L3_261
262,262,생활,공구/부품,파이프,L1_3,L2_21,L3_262
263,263,생활,공구/부품,성냥,L1_3,L2_21,L3_263
264,264,생활,공구/부품,대패,L1_3,L2_21,L3_264
265,265,생활,공구/부품,덫,L1_3,L2_21,L3_265
266,266,생활,공구/부품,전기톱,L1_3,L2_21,L3_266
267,267,생활,공구/부품,가스밸브,L1_3,L2_21,L3_267
268,268,생활,공구/부품,톱,L1_3,L2_21,L3_268
269,269,생활,공구/부품,송곳,L1_3,L2_21,L3_269
270,270,생활,사무/필기용품,각도기,L1_3,L2_22,L3_270
271,271,생활,사무/필기용품,볼펜,L1_3,L2_22,L3_271
272,272,생활,사무/필기용품,연필,L1_3,L2_22,L3_272
273,273,생활,사무/필기용품,색연필,L1_3,L2_22,L3_273
274,274,생활,사무/필기용품,붓,L1_3,L2_22,L3_274
275,275,생활,사무/필기용품,팔레트,L1_3,L2_22,L3_275
276,276,생활,사무/필기용품,스케치북,L1_3,L2_22,L3_276
277,277,생활,사무/필기용품,깃털,L1_3,L2_22,L3_277
278,278,생활,사무/필기용품,사무용 칼,L1_3,L2_22,L3_278
279,279,생활,사무/필기용품,사무용 가위,L1_3,L2_22,L3_279
280,280,생활,사무/필기용품,사무용 자,L1_3,L2_22,L3_280
281,281,생활,사무/필기용품,스테이플러,L1_3,L2_22,L3_281
282,282,생활,사무/필기용품,파일바인더,L1_3,L2_22,L3_282
283,283,생활,사무/필기용품,사무용 집게,L1_3,L2_22,L3_283
284,284,생활,사무/필기용품,서류봉투,L1_3,L2_22,L3_284
285,285,생활,사무/필기용품,편지봉투,L1_3,L2_22,L3_285
286,286,생활,사무/필기용품,자석,L1_3,L2_22,L3_286
287,287,생활,사무/필기용품,연필깎이,L1_3,L2_22,L3_287
288,288,생활,사무/필기용품,풀,L1_3,L2_22,L3_288
289,289,생활,사무/필기용품,클립,L1_3,L2_22,L3_289
290,290,생활,사무/필기용품,테이프,L1_3,L2_22,L3_290
291,291,생활,사무/필기용품,돼지저금통,L1_3,L2_22,L3_291
292,292,생활,사무/필기용품,필통,L1_3,L2_22,L3_292
293,293,생활,사무/필기용품,만년필,L1_3,L2_22,L3_293
294,294,생활,사무/필기용품,계산기,L1_3,L2_22,L3_294
295,295,생활,사무/필기용품,도장,L1_3,L2_22,L3_295
296,296,생활,사무/필기용품,책(일반도서)+잡지,L1_3,L2_22,L3_296
297,297,생활,사무/필기용품,나침반,L1_3,L2_22,L3_297
298,298,생활,사무/필기용품,주판,L1_3,L2_22,L3_298
299,299,생활,사무/필기용품,스톱워치,L1_3,L2_22,L3_299
300,300,생활,사무/필기용품,강연대,L1_3,L2_22,L3_300
301,301,생활,차량용품,(차량용)휴대폰거치대,L1_3,L2_23,L3_301
302,302,생활,기호/미용용품,전자담배,L1_3,L2_24,L3_302
303,303,생활,기호/미용용품,헤어롤,L1_3,L2_24,L3_303
304,304,생활,기호/미용용품,마스크팩,L1_3,L2_24,L3_304
305,305,생활,기호/미용용품,담배,L1_3,L2_24,L3_305
306,306,생활,기호/미용용품,브러시(화장용),L1_3,L2_24,L3_306
307,307,생활,기호/미용용품,헤어브러시,L1_3,L2_24,L3_307
308,308,생활,기호/미용용품,라이터,L1_3,L2_24,L3_308
309,309,생활,기호/미용용품,시가(파이프),L1_3,L2_24,L3_309
310,310,생활,안전/보안용품,다이얼금고,L1_3,L2_25,L3_310
311,311,생활,안전/보안용품,열쇠형 금고,L1_3,L2_25,L3_311
312,312,생활,안전/보안용품,안전삼각대,L1_3,L2_25,L3_312
313,313,생활,안전/보안용품,경광봉,L1_3,L2_25,L3_313
314,314,생활,안전/보안용품,호루라기,L1_3,L2_25,L3_314
315,315,생활,안전/보안용품,소화기,L1_3,L2_25,L3_315
316,316,생활,안전/보안용품,열쇠,L1_3,L2_25,L3_316
317,317,생활,안전/보안용품,자물쇠,L1_3,L2_25,L3_317
318,318,생활,안전/보안용품,자전거용 자물쇠,L1_3,L2_25,L3_318
319,319,생활,음악/취미용품,카세트테이프,L1_3,L2_26,L3_319
320,320,생활,음악/취미용품,LP,L1_3,L2_26,L3_320
321,321,생활,음악/취미용품,1인용게임기,L1_3,L2_26,L3_321
322,322,생활,음악/취미용품,조이스틱,L1_3,L2_26,L3_322
323,323,생활,음악/취미용품,다인용게임기 컨트롤러,L1_3,L2_26,L3_323
324,324,생활,음악/취미용품,퍼즐,L1_3,L2_26,L3_324
325,325,생활,음악/취미용품,큐브,L1_3,L2_26,L3_325
326,326,생활,음악/취미용품,바이올린,L1_3,L2_26,L3_326
327,327,생활,음악/취미용품,첼로,L1_3,L2_26,L3_327
328,328,생활,음악/취미용품,기타,L1_3,L2_26,L3_328
329,329,생활,음악/취미용품,전자기타,L1_3,L2_26,L3_329
330,330,생활,음악/취미용품,북,L1_3,L2_26,L3_330
331,331,생활,음악/취미용품,꽹과리,L1_3,L2_26,L3_331
332,332,생활,음악/취미용품,단소/피리,L1_3,L2_26,L3_332
333,333,생활,음악/취미용품,플룻,L1_3,L2_26,L3_333
334,334,생활,음악/취미용품,색소폰,L1_3,L2_26,L3_334
335,335,생활,음악/취미용품,클라리넷,L1_3,L2_26,L3_335
336,336,생활,음악/취미용품,하모니카,L1_3,L2_26,L3_336
337,337,생활,음악/취미용품,호른,L1_3,L2_26,L3_337
338,338,생활,음악/취미용품,트럼펫,L1_3,L2_26,L3_338
339,339,생활,음악/취미용품,아코디언,L1_3,L2_26,L3_339
340,340,생활,음악/취미용품,드럼,L1_3,L2_26,L3_340
341,341,생활,음악/취미용품,심벌즈,L1_3,L2_26,L3_341
342,342,생활,음악/취미용품,업라이트피아노,L1_3,L2_26,L3_342
343,343,생활,음악/취미용품,그랜드피아노,L1_3,L2_26,L3_343
344,344,생활,음악/취미용품,캐스터네츠,L1_3,L2_26,L3_344
345,345,생활,음악/취미용품,트라이앵글,L1_3,L2_26,L3_345
346,346,생활,음악/취미용품,오보에,L1_3,L2_26,L3_346
347,347,생활,음악/취미용품,삽,L1_3,L2_26,L3_347
348,348,생활,음악/취미용품,분무기,L1_3,L2_26,L3_348
349,349,생활,음악/취미용품,마림바,L1_3,L2_26,L3_349
350,350,생활,음악/취미용품,하프,L1_3,L2_26,L3_350
351,351,생활,음악/취미용품,오카리나,L1_3,L2_26,L3_351
352,352,생활,음악/취미용품,리코더,L1_3,L2_26,L3_352
353,353,생활,음악/취미용품,체스,L1_3,L2_26,L3_353
354,354,생활,음악/취미용품,바둑판,L1_3,L2_26,L3_354
355,355,생활,음악/취미용품,건반,L1_3,L2_26,L3_355
356,356,생활,음악/취미용품,망원경,L1_3,L2_26,L3_356
357,357,생활,음악/취미용품,실로폰,L1_3,L2_26,L3_357
358,358,생활,음악/취미용품,파이프오르간,L1_3,L2_26,L3_358
359,359,생활,음악/취미용품,팬파이프,L1_3,L2_26,L3_359
360,360,생활,음악/취미용품,이젤,L1_3,L2_26,L3_360
361,361,생활,음악/취미용품,탬버린,L1_3,L2_26,L3_361
362,362,생활,음악/취미용품,셀카봉,L1_3,L2_26,L3_362
363,363,생활,반려동물용품,캣타워,L1_3,L2_27,L3_363
364,364,생활,반려동물용품,말 안장,L1_3,L2_27,L3_364
365,365,생활,반려동물용품,새집,L1_3,L2_27,L3_365
366,366,생활,반려동물용품,입마개(강아지),L1_3,L2_27,L3_366
367,367,생활,반려동물용품,개껌,L1_3,L2_27,L3_367
368,368,생활,스포츠/레저용품,침낭,L1_3,L2_28,L3_368
369,369,생활,스포츠/레저용품,카라반,L1_3,L2_28,L3_369
370,370,생활,스포츠/레저용품,러닝머신,L1_3,L2_28,L3_370
371,371,생활,스포츠/레저용품,노,L1_3,L2_28,L3_371
372,372,생활,스포츠/레저용품,케틀벨,L1_3,L2_28,L3_372
373,373,생활,스포츠/레저용품,로잉머신,L1_3,L2_28,L3_373
374,374,생활,스포츠/레저용품,철봉,L1_3,L2_28,L3_374
375,375,생활,스포츠/레저용품,헬스사이클,L1_3,L2_28,L3_375
376,376,생활,스포츠/레저용품,아령,L1_3,L2_28,L3_376
377,377,생활,스포츠/레저용품,골프클럽,L1_3,L2_28,L3_377
378,378,생활,스포츠/레저용품,트램폴린,L1_3,L2_28,L3_378
379,379,생활,스포츠/레저용품,스텝퍼/스텝박스,L1_3,L2_28,L3_379
380,380,생활,스포츠/레저용품,줄넘기,L1_3,L2_28,L3_380
381,381,생활,스포츠/레저용품,훌라후프,L1_3,L2_28,L3_381
382,382,생활,스포츠/레저용품,카누,L1_3,L2_28,L3_382
383,383,생활,스포츠/레저용품,돛단배,L1_3,L2_28,L3_383
384,384,생활,스포츠/레저용품,스케이트보드,L1_3,L2_28,L3_384
385,385,생활,스포츠/레저용품,덤벨,L1_3,L2_28,L3_385
386,386,생활,스포츠/레저용품,쌍안경,L1_3,L2_28,L3_386
387,387,생활,스포츠/레저용품,2인용자전거,L1_3,L2_28,L3_387
388,388,생활,스포츠/레저용품,모래주머니,L1_3,L2_28,L3_388
389,389,생활,스포츠/레저용품,완력기,L1_3,L2_28,L3_389
390,390,생활,스포츠/레저용품,골프가방,L1_3,L2_28,L3_390
391,391,생활,스포츠/레저용품,텐트,L1_3,L2_28,L3_391
392,392,생활,스포츠/레저용품,랜턴,L1_3,L2_28,L3_392
393,393,생활,스포츠/레저용품,손전등,L1_3,L2_28,L3_393
394,394,생활,스포츠/레저용품,접이식의자,L1_3,L2_28,L3_394
395,395,생활,스포츠/레저용품,버너,L1_3,L2_28,L3_395
396,396,생활,스포츠/레저용품,파라솔,L1_3,L2_28,L3_396
397,397,생활,스포츠/레저용품,웨건,L1_3,L2_28,L3_397
398,398,생활,스포츠/레저용품,인라인스케이트(롤러블레이드),L1_3,L2_28,L3_398
399,399,생활,스포츠/레저용품,보트,L1_3,L2_28,L3_399
400,400,생활,스포츠/레저용품,물안경,L1_3,L2_28,L3_400
401,401,생활,스포츠/레저용품,튜브,L1_3,L2_28,L3_401
402,402,생활,스포츠/레저용품,오리발,L1_3,L2_28,L3_402
403,403,생활,스포츠/레저용품,자전거,L1_3,L2_28,L3_403
404,404,생활,스포츠/레저용품,헬멧,L1_3,L2_28,L3_404
405,405,생활,스포츠/레저용품,드럼스틱,L1_3,L2_28,L3_405
406,406,생활,스포츠/레저용품,럭비헬멧,L1_3,L2_28,L3_406
407,407,생활,스포츠/레저용품,낚시대,L1_3,L2_28,L3_407
408,408,생활,스포츠/레저용품,무릎보호대,L1_3,L2_28,L3_408
409,409,생활,스포츠/레저용품,썰매,L1_3,L2_28,L3_409
410,410,생활,스포츠/레저용품,고글,L1_3,L2_28,L3_410
411,411,생활,스포츠/레저용품,평행봉,L1_3,L2_28,L3_411
412,412,생활,스포츠/레저용품,탁구채,L1_3,L2_28,L3_412
413,413,생활,스포츠/레저용품,스노클링고글,L1_3,L2_28,L3_413
414,414,생활,스포츠/레저용품,스노보드,L1_3,L2_28,L3_414
415,415,생활,스포츠/레저용품,스키,L1_3,L2_28,L3_415
416,416,생활,스포츠/레저용품,축구공,L1_3,L2_28,L3_416
417,417,생활,스포츠/레저용품,야구공,L1_3,L2_28,L3_417
418,418,생활,스포츠/레저용품,테니스공,L1_3,L2_28,L3_418
419,419,생활,스포츠/레저용품,농구공,L1_3,L2_28,L3_419
420,420,생활,스포츠/레저용품,럭비공,L1_3,L2_28,L3_420
421,421,생활,스포츠/레저용품,셔틀콕,L1_3,L2_28,L3_421
422,422,생활,스포츠/레저용품,배드민턴라켓,L1_3,L2_28,L3_422
423,423,생활,스포츠/레저용품,테니스라켓,L1_3,L2_28,L3_423
424,424,생활,스포츠/레저용품,야구배트,L1_3,L2_28,L3_424
425,425,생활,스포츠/레저용품,농구대,L1_3,L2_28,L3_425
426,426,생활,스포츠/레저용품,아이스스케이트,L1_3,L2_28,L3_426
427,427,생활,스포츠/레저용품,볼링핀,L1_3,L2_28,L3_427
428,428,생활,스포츠/레저용품,서핑보드,L1_3,L2_28,L3_428
429,429,생활,스포츠/레저용품,가스용 토치,L1_3,L2_28,L3_429
430,430,생활,스포츠/레저용품,봅슬레이,L1_3,L2_28,L3_430
431,431,생활,스포츠/레저용품,해먹,L1_3,L2_28,L3_431
432,432,생활,스포츠/레저용품,드럼통,L1_3,L2_28,L3_432
433,433,생활,스포츠/레저용품,숯,L1_3,L2_28,L3_433
434,434,생활,스포츠/레저용품,부메랑,L1_3,L2_28,L3_434
435,435,생활,스포츠/레저용품,폭죽(파티용),L1_3,L2_28,L3_435
436,436,생활,스포츠/레저용품,하키용스틱,L1_3,L2_28,L3_436
437,437,생활,스포츠/레저용품,팽이,L1_3,L2_28,L3_437
438,438,생활,스포츠/레저용품,확성기,L1_3,L2_28,L3_438
439,439,생활,스포츠/레저용품,구명보트,L1_3,L2_28,L3_439
440,440,생활,스포츠/레저용품,뗏목,L1_3,L2_28,L3_440
441,441,생활,스포츠/레저용품,도끼,L1_3,L2_28,L3_441
442,442,생활,유아/아동용품,아기침대,L1_3,L2_29,L3_442
443,443,생활,유아/아동용품,아기띠/힙시트,L1_3,L2_29,L3_443
444,444,생활,유아/아동용품,젖병,L1_3,L2_29,L3_444
445,445,생활,유아/아동용품,유모차,L1_3,L2_29,L3_445
446,446,생활,유아/아동용품,곰인형,L1_3,L2_29,L3_446
447,447,생활,유아/아동용품,아기모자,L1_3,L2_29,L3_447
448,448,생활,유아/아동용품,유아턱받이,L1_3,L2_29,L3_448
449,449,생활,유아/아동용품,요람,L1_3,L2_29,L3_449
450,450,생활,유아/아동용품,카시트,L1_3,L2_29,L3_450
451,451,생활,유아/아동용품,블록장난감(레고),L1_3,L2_29,L3_451
452,452,생활,유아/아동용품,미끄럼틀,L1_3,L2_29,L3_452
453,453,생활,유아/아동용품,시소,L1_3,L2_29,L3_453
454,454,생활,유아/아동용품,그네,L1_3,L2_29,L3_454
455,455,생활,유아/아동용품,딸랑이,L1_3,L2_29,L3_455
456,456,생활,유아/아동용품,모빌,L1_3,L2_29,L3_456
457,457,생활,유아/아동용품,바람개비,L1_3,L2_29,L3_457
458,458,생활,유아/아동용품,기저귀,L1_3,L2_29,L3_458
459,459,생활,빨래/청소용품,쓰레받기,L1_3,L2_30,L3_459
460,460,생활,빨래/청소용품,식기건조대,L1_3,L2_30,L3_460
461,461,생활,빨래/청소용품,바구니(바스켓),L1_3,L2_30,L3_461
462,462,생활,빨래/청소용품,빨래건조대,L1_3,L2_30,L3_462
463,463,생활,빨래/청소용품,빨래집게,L1_3,L2_30,L3_463
464,464,생활,빨래/청소용품,빗자루,L1_3,L2_30,L3_464
465,465,생활,빨래/청소용품,다리미판,L1_3,L2_30,L3_465
466,466,생활,빨래/청소용품,단추,L1_3,L2_30,L3_466
467,467,생활,빨래/청소용품,바늘,L1_3,L2_30,L3_467
468,468,생활,빨래/청소용품,지퍼,L1_3,L2_30,L3_468
469,469,생활,빨래/청소용품,쓰레기통,L1_3,L2_30,L3_469
470,470,생활,빨래/청소용품,먼지제거롤러,L1_3,L2_30,L3_470
471,471,동식물,해양생물/어류,상어,L1_4,L2_31,L3_471
472,472,동식물,해양생물/어류,불가사리,L1_4,L2_31,L3_472
473,473,동식물,해양생물/어류,게,L1_4,L2_31,L3_473
474,474,동식물,해양생물/어류,물개,L1_4,L2_31,L3_474
475,475,동식물,해양생물/어류,가재,L1_4,L2_31,L3_475
476,476,동식물,해양생물/어류,성게,L1_4,L2_31,L3_476
477,477,동식물,해양생물/어류,문어,L1_4,L2_31,L3_477
478,478,동식물,해양생물/어류,해마,L1_4,L2_31,L3_478
479,479,동식물,해양생물/어류,가자미(물고기),L1_4,L2_31,L3_479
480,480,동식물,해양생물/어류,거북,L1_4,L2_31,L3_480
481,481,동식물,해양생물/어류,메기,L1_4,L2_31,L3_481
482,482,동식물,해양생물/어류,조개,L1_4,L2_31,L3_482
483,483,동식물,해양생물/어류,잉어,L1_4,L2_31,L3_483
484,484,동식물,해양생물/어류,굴,L1_4,L2_31,L3_484
485,485,동식물,해양생물/어류,복어,L1_4,L2_31,L3_485
486,486,동식물,해양생물/어류,오징어,L1_4,L2_31,L3_486
487,487,동식물,해양생물/어류,고래,L1_4,L2_31,L3_487
488,488,동식물,해양생물/어류,가오리,L1_4,L2_31,L3_488
489,489,동식물,해양생물/어류,새우,L1_4,L2_31,L3_489
490,490,동식물,해양생물/어류,돌고래,L1_4,L2_31,L3_490
491,491,동식물,해양생물/어류,해파리,L1_4,L2_31,L3_491
492,492,동식물,해양생물/어류,소라게,L1_4,L2_31,L3_492
493,493,동식물,해양생물/어류,대게,L1_4,L2_31,L3_493
494,494,동식물,해양생물/어류,농게,L1_4,L2_31,L3_494
495,495,동식물,해양생물/어류,소라류,L1_4,L2_31,L3_495
496,496,동식물,해양생물/어류,민달팽이,L1_4,L2_31,L3_496
497,497,동식물,해양생물/어류,소라,L1_4,L2_31,L3_497
498,498,동식물,해양생물/어류,말미잘,L1_4,L2_31,L3_498
499,499,동식물,해양생물/어류,바다거북,L1_4,L2_31,L3_499
500,500,동식물,해양생물/어류,라이언피쉬,L1_4,L2_31,L3_500
501,501,동식물,해양생물/어류,흰동가리,L1_4,L2_31,L3_501
502,502,동식물,해양생물/어류,산호,L1_4,L2_31,L3_502
503,503,동식물,해양생물/어류,금붕어,L1_4,L2_31,L3_503
504,504,동식물,조류/파충류,독수리,L1_4,L2_32,L3_504
505,505,동식물,조류/파충류,왜가리,L1_4,L2_32,L3_505
506,506,동식물,조류/파충류,부엉이,L1_4,L2_32,L3_506
507,507,동식물,조류/파충류,제비,L1_4,L2_32,L3_507
508,508,동식물,조류/파충류,딱다구리,L1_4,L2_32,L3_508
509,509,동식물,조류/파충류,비둘기,L1_4,L2_32,L3_509
510,510,동식물,조류/파충류,닭,L1_4,L2_32,L3_510
511,511,동식물,조류/파충류,두루미,L1_4,L2_32,L3_511
512,512,동식물,조류/파충류,까마귀,L1_4,L2_32,L3_512
513,513,동식물,조류/파충류,꾀꼬리,L1_4,L2_32,L3_513
514,514,동식물,조류/파충류,참새,L1_4,L2_32,L3_514
515,515,동식물,조류/파충류,올빼미,L1_4,L2_32,L3_515
516,516,동식물,조류/파충류,공작,L1_4,L2_32,L3_516
517,517,동식물,조류/파충류,펠리컨,L1_4,L2_32,L3_517
518,518,동식물,조류/파충류,뱀,L1_4,L2_32,L3_518
519,519,동식물,조류/파충류,병아리,L1_4,L2_32,L3_519
520,520,동식물,조류/파충류,백조,L1_4,L2_32,L3_520
521,521,동식물,조류/파충류,앵무새,L1_4,L2_32,L3_521
522,522,동식물,조류/파충류,홍학,L1_4,L2_32,L3_522
523,523,동식물,조류/파충류,타조,L1_4,L2_32,L3_523
524,524,동식물,조류/파충류,까치,L1_4,L2_32,L3_524
525,525,동식물,조류/파충류,박쥐,L1_4,L2_32,L3_525
526,526,동식물,조류/파충류,이구아나,L1_4,L2_32,L3_526
527,527,동식물,조류/파충류,악어,L1_4,L2_32,L3_527
528,528,동식물,조류/파충류,코브라,L1_4,L2_32,L3_528
529,529,동식물,조류/파충류,트리케라톱스,L1_4,L2_32,L3_529
530,530,동식물,조류/파충류,카멜레온,L1_4,L2_32,L3_530
531,531,동식물,조류/파충류,목도리도마뱀,L1_4,L2_32,L3_531
532,532,동식물,조류/파충류,토코투칸,L1_4,L2_32,L3_532
533,533,동식물,조류/파충류,갈매기,L1_4,L2_32,L3_533
534,534,동식물,조류/파충류,오리,L1_4,L2_32,L3_534
535,535,동식물,조류/파충류,백로,L1_4,L2_32,L3_535
536,536,동식물,조류/파충류,저어새,L1_4,L2_32,L3_536
537,537,동식물,조류/파충류,청둥오리,L1_4,L2_32,L3_537
538,538,동식물,포유류,사슴,L1_4,L2_33,L3_538
539,539,동식물,포유류,소,L1_4,L2_33,L3_539
540,540,동식물,포유류,낙타,L1_4,L2_33,L3_540
541,541,동식물,포유류,늑대,L1_4,L2_33,L3_541
542,542,동식물,포유류,염소,L1_4,L2_33,L3_542
543,543,동식물,포유류,햄스터,L1_4,L2_33,L3_543
544,544,동식물,포유류,원숭이,L1_4,L2_33,L3_544
545,545,동식물,포유류,두더지,L1_4,L2_33,L3_545
546,546,동식물,포유류,너구리,L1_4,L2_33,L3_546
547,547,동식물,포유류,토끼,L1_4,L2_33,L3_547
548,548,동식물,포유류,멧돼지,L1_4,L2_33,L3_548
549,549,동식물,포유류,돼지,L1_4,L2_33,L3_549
550,550,동식물,포유류,곰,L1_4,L2_33,L3_550
551,551,동식물,포유류,여우,L1_4,L2_33,L3_551
552,552,동식물,포유류,암사자,L1_4,L2_33,L3_552
553,553,동식물,포유류,숫사자,L1_4,L2_33,L3_553
554,554,동식물,포유류,말,L1_4,L2_33,L3_554
555,555,동식물,포유류,얼룩말,L1_4,L2_33,L3_555
556,556,동식물,포유류,기린,L1_4,L2_33,L3_556
557,557,동식물,포유류,고양이,L1_4,L2_33,L3_557
558,558,동식물,포유류,푸들,L1_4,L2_33,L3_558
559,559,동식물,포유류,불독,L1_4,L2_33,L3_559
560,560,동식물,포유류,시베리안허스키,L1_4,L2_33,L3_560
561,561,동식물,포유류,차우차우,L1_4,L2_33,L3_561
562,562,동식물,포유류,비숑프리제,L1_4,L2_33,L3_562
563,563,동식물,포유류,말티즈,L1_4,L2_33,L3_563
564,564,동식물,포유류,고릴라,L1_4,L2_33,L3_564
565,565,동식물,포유류,나무늘보,L1_4,L2_33,L3_565
566,566,동식물,포유류,산양,L1_4,L2_33,L3_566
567,567,동식물,포유류,미어캣,L1_4,L2_33,L3_567
568,568,동식물,포유류,아르마딜로,L1_4,L2_33,L3_568
569,569,동식물,포유류,가젤,L1_4,L2_33,L3_569
570,570,동식물,포유류,라마,L1_4,L2_33,L3_570
571,571,동식물,포유류,스컹크,L1_4,L2_33,L3_571
572,572,동식물,포유류,치타,L1_4,L2_33,L3_572
573,573,동식물,포유류,캥거루,L1_4,L2_33,L3_573
574,574,동식물,포유류,코뿔소,L1_4,L2_33,L3_574
575,575,동식물,포유류,코알라,L1_4,L2_33,L3_575
576,576,동식물,포유류,젖소,L1_4,L2_33,L3_576
577,577,동식물,포유류,북극곰,L1_4,L2_33,L3_577
578,578,동식물,포유류,판다/팬더,L1_4,L2_33,L3_578
579,579,동식물,포유류,코끼리,L1_4,L2_33,L3_579
580,580,동식물,포유류,하마,L1_4,L2_33,L3_580
581,581,동식물,포유류,양,L1_4,L2_33,L3_581
582,582,동식물,포유류,오리너구리,L1_4,L2_33,L3_582
583,583,동식물,포유류,하이에나,L1_4,L2_33,L3_583
584,584,동식물,포유류,개미핥기,L1_4,L2_33,L3_584
585,585,동식물,포유류,다람쥐,L1_4,L2_33,L3_585
586,586,동식물,포유류,고슴도치,L1_4,L2_33,L3_586
587,587,동식물,포유류,수달,L1_4,L2_33,L3_587
588,588,동식물,포유류,표범,L1_4,L2_33,L3_588
589,589,동식물,포유류,호랑이,L1_4,L2_33,L3_589
590,590,동식물,포유류,오소리,L1_4,L2_33,L3_590
591,591,동식물,포유류,펭귄,L1_4,L2_33,L3_591
592,592,동식물,포유류,쥐,L1_4,L2_33,L3_592
593,593,동식물,곤충/절지동물,잠자리,L1_4,L2_34,L3_593
594,594,동식물,곤충/절지동물,개미,L1_4,L2_34,L3_594
595,595,동식물,곤충/절지동물,사마귀,L1_4,L2_34,L3_595
596,596,동식물,곤충/절지동물,달팽이,L1_4,L2_34,L3_596
597,597,동식물,곤충/절지동물,바퀴벌레,L1_4,L2_34,L3_597
598,598,동식물,곤충/절지동물,모기,L1_4,L2_34,L3_598
599,599,동식물,곤충/절지동물,매미,L1_4,L2_34,L3_599
600,600,동식물,곤충/절지동물,전갈,L1_4,L2_34,L3_600
601,601,동식물,곤충/절지동물,파리,L1_4,L2_34,L3_601
602,602,동식물,곤충/절지동물,나비,L1_4,L2_34,L3_602
603,603,동식물,곤충/절지동물,풍뎅이,L1_4,L2_34,L3_603
604,604,동식물,곤충/절지동물,꿀벌,L1_4,L2_34,L3_604
605,605,동식물,곤충/절지동물,개구리,L1_4,L2_34,L3_605
606,606,동식물,곤충/절지동물,도마뱀,L1_4,L2_34,L3_606
607,607,동식물,곤충/절지동물,메뚜기,L1_4,L2_34,L3_607
608,608,동식물,곤충/절지동물,집게벌레,L1_4,L2_34,L3_608
609,609,동식물,곤충/절지동물,쇠똥구리,L1_4,L2_34,L3_609
610,610,동식물,곤충/절지동물,무당벌레,L1_4,L2_34,L3_610
611,611,동식물,곤충/절지동물,거미,L1_4,L2_34,L3_611
612,612,동식물,곤충/절지동물,지네,L1_4,L2_34,L3_612
613,613,동식물,곤충/절지동물,진드기,L1_4,L2_34,L3_613
614,614,동식물,곤충/절지동물,삼엽충,L1_4,L2_34,L3_614
615,615,동식물,식물,해바라기,L1_4,L2_35,L3_615
616,616,동식물,식물,야자수,L1_4,L2_35,L3_616
617,617,동식물,식물,나무,L1_4,L2_35,L3_617
618,618,동식물,식물,데이지,L1_4,L2_35,L3_618
619,619,동식물,식물,선인장,L1_4,L2_35,L3_619
620,620,동식물,식물,나뭇잎,L1_4,L2_35,L3_620
621,621,동식물,식물,잔디,L1_4,L2_35,L3_621
622,622,동식물,식물,소나무,L1_4,L2_35,L3_622
623,623,동식물,식물,덤불,L1_4,L2_35,L3_623
624,624,동식물,식물,카네이션,L1_4,L2_35,L3_624
625,625,동식물,식물,튤립,L1_4,L2_35,L3_625
626,626,동식물,식물,백합,L1_4,L2_35,L3_626
627,627,동식물,식물,국화,L1_4,L2_35,L3_627
628,628,동식물,식물,벼,L1_4,L2_35,L3_628
629,629,동식물,식물,장미,L1_4,L2_35,L3_629
630,630,식품,과채/해조류,사과,L1_5,L2_36,L3_630
631,631,식품,과채/해조류,배,L1_5,L2_36,L3_631
632,632,식품,과채/해조류,감귤,L1_5,L2_36,L3_632
633,633,식품,과채/해조류,수박,L1_5,L2_36,L3_633
634,634,식품,과채/해조류,멜론,L1_5,L2_36,L3_634
635,635,식품,과채/해조류,토마토,L1_5,L2_36,L3_635
636,636,식품,과채/해조류,딸기,L1_5,L2_36,L3_636
637,637,식품,과채/해조류,키위,L1_5,L2_36,L3_637
638,638,식품,과채/해조류,포도,L1_5,L2_36,L3_638
639,639,식품,과채/해조류,복숭아,L1_5,L2_36,L3_639
640,640,식품,과채/해조류,바나나,L1_5,L2_36,L3_640
641,641,식품,과채/해조류,파인애플,L1_5,L2_36,L3_641
642,642,식품,과채/해조류,레몬,L1_5,L2_36,L3_642
643,643,식품,과채/해조류,망고,L1_5,L2_36,L3_643
644,644,식품,과채/해조류,체리,L1_5,L2_36,L3_644
645,645,식품,과채/해조류,아보카도,L1_5,L2_36,L3_645
646,646,식품,과채/해조류,패션후르츠,L1_5,L2_36,L3_646
647,647,식품,과채/해조류,리치,L1_5,L2_36,L3_647
648,648,식품,과채/해조류,석류,L1_5,L2_36,L3_648
649,649,식품,과채/해조류,산딸기,L1_5,L2_36,L3_649
650,650,식품,과채/해조류,용과,L1_5,L2_36,L3_650
651,651,식품,과채/해조류,감,L1_5,L2_36,L3_651
652,652,식품,과채/해조류,고구마,L1_5,L2_36,L3_652
653,653,식품,과채/해조류,감자,L1_5,L2_36,L3_653
654,654,식품,과채/해조류,양파,L1_5,L2_36,L3_654
655,655,식품,과채/해조류, 마늘,L1_5,L2_36,L3_655
656,656,식품,과채/해조류, 오이,L1_5,L2_36,L3_656
657,657,식품,과채/해조류,고추,L1_5,L2_36,L3_657
658,658,식품,과채/해조류,파프리카,L1_5,L2_36,L3_658
659,659,식품,과채/해조류,당근,L1_5,L2_36,L3_659
660,660,식품,과채/해조류,양배추,L1_5,L2_36,L3_660
661,661,식품,과채/해조류,브로콜리,L1_5,L2_36,L3_661
662,662,식품,과채/해조류,상추,L1_5,L2_36,L3_662
663,663,식품,과채/해조류,가지,L1_5,L2_36,L3_663
664,664,식품,과채/해조류,애호박,L1_5,L2_36,L3_664
665,665,식품,과채/해조류,옥수수,L1_5,L2_36,L3_665
666,666,식품,과채/해조류,버섯,L1_5,L2_36,L3_666
667,667,식품,과채/해조류,아스파라거스,L1_5,L2_36,L3_667
668,668,식품,과채/해조류,인삼,L1_5,L2_36,L3_668
669,669,식품,과채/해조류,배추,L1_5,L2_36,L3_669
670,670,식품,과채/해조류,무,L1_5,L2_36,L3_670
671,671,식품,과채/해조류,시금치,L1_5,L2_36,L3_671
672,672,식품,과채/해조류,비트,L1_5,L2_36,L3_672
673,673,식품,과채/해조류,청경채,L1_5,L2_36,L3_673
674,674,식품,과채/해조류,샐러리,L1_5,L2_36,L3_674
675,675,식품,과채/해조류,파,L1_5,L2_36,L3_675
676,676,식품,과채/해조류,부추,L1_5,L2_36,L3_676
677,677,식품,과채/해조류,단호박,L1_5,L2_36,L3_677
678,678,식품,과채/해조류,늙은호박,L1_5,L2_36,L3_678
679,679,식품,과채/해조류,미역,L1_5,L2_36,L3_679
680,680,식품,과채/해조류,코코넛,L1_5,L2_36,L3_680
681,681,식품,과채/해조류,완두콩,L1_5,L2_36,L3_681
682,682,식품,과채/해조류,팽이버섯,L1_5,L2_36,L3_682
683,683,식품,과채/해조류,블루베리,L1_5,L2_36,L3_683
684,684,식품,과채/해조류,도토리,L1_5,L2_36,L3_684
685,685,식품,과채/해조류,무화과,L1_5,L2_36,L3_685
686,686,식품,견과류,호두,L1_5,L2_37,L3_686
687,687,식품,견과류,아몬드,L1_5,L2_37,L3_687
688,688,식품,견과류,땅콩,L1_5,L2_37,L3_688
689,689,식품,견과류,밤,L1_5,L2_37,L3_689
690,690,식품,견과류,피스타치오,L1_5,L2_37,L3_690
691,691,식품,견과류,캐슈넛,L1_5,L2_37,L3_691
692,692,식품,유제품/난류,계란,L1_5,L2_38,L3_692
693,693,식품,유제품/난류,메추리알,L1_5,L2_38,L3_693
694,694,식품,유제품/난류,우유(우유팩),L1_5,L2_38,L3_694
695,695,식품,유제품/난류,요구르트,L1_5,L2_38,L3_695
696,696,식품,유제품/난류,치즈,L1_5,L2_38,L3_696
697,697,식품,가공식품/디저트,감자튀김,L1_5,L2_39,L3_697
698,698,식품,가공식품/디저트,햄버거,L1_5,L2_39,L3_698
699,699,식품,가공식품/디저트,초콜릿,L1_5,L2_39,L3_699
700,700,식품,가공식품/디저트,사탕,L1_5,L2_39,L3_700
701,701,식품,가공식품/디저트,껌,L1_5,L2_39,L3_701
702,702,식품,가공식품/디저트,젤리,L1_5,L2_39,L3_702
703,703,식품,가공식품/디저트,아이스크림,L1_5,L2_39,L3_703
704,704,식품,가공식품/디저트,라면,L1_5,L2_39,L3_704
705,705,식품,가공식품/디저트,쿠키,L1_5,L2_39,L3_705
706,706,식품,가공식품/디저트,막대사탕,L1_5,L2_39,L3_706
707,707,식품,가공식품/디저트,커피믹스,L1_5,L2_39,L3_707
708,708,식품,가공식품/디저트,푸딩,L1_5,L2_39,L3_708
709,709,식품,가공식품/디저트,캐러멜,L1_5,L2_39,L3_709
710,710,식품,가공식품/디저트,팝콘,L1_5,L2_39,L3_710
711,711,식품,가공식품/디저트,시리얼,L1_5,L2_39,L3_711
712,712,식품,가공식품/디저트,통조림,L1_5,L2_39,L3_712
713,713,식품,가공식품/디저트,타르트,L1_5,L2_39,L3_713
714,714,식품,가공식품/디저트,롤케이크,L1_5,L2_39,L3_714
715,715,식품,가공식품/디저트,파이,L1_5,L2_39,L3_715
716,716,식품,가공식품/디저트,도너츠/도넛,L1_5,L2_39,L3_716
717,717,식품,가공식품/디저트,프레첼/프레츨,L1_5,L2_39,L3_717
718,718,식품,가공식품/디저트,마카롱,L1_5,L2_39,L3_718
719,719,식품,음료,탄산음료,L1_5,L2_40,L3_719
720,720,식품,음료,커피,L1_5,L2_40,L3_720
721,721,식품,음료,주스,L1_5,L2_40,L3_721
722,722,식품,음료,코코아,L1_5,L2_40,L3_722
723,723,식품,요리,김치,L1_5,L2_41,L3_723
724,724,식품,요리,피자,L1_5,L2_41,L3_724
725,725,식품,요리,핫도그,L1_5,L2_41,L3_725
726,726,식품,요리,만두,L1_5,L2_41,L3_726
727,727,식품,요리,샐러드,L1_5,L2_41,L3_727
728,728,식품,요리,돈가스,L1_5,L2_41,L3_728
729,729,식품,요리,떡갈비,L1_5,L2_41,L3_729
730,730,식품,요리,베이컨,L1_5,L2_41,L3_730
731,731,식품,요리,부리또,L1_5,L2_41,L3_731
732,732,식품,요리,베이글,L1_5,L2_41,L3_732
733,733,식품,요리,바게트,L1_5,L2_41,L3_733
734,734,식품,요리,소시지,L1_5,L2_41,L3_734
735,735,식품,요리,초밥,L1_5,L2_41,L3_735
736,736,식품,요리,회,L1_5,L2_41,L3_736
737,737,식품,요리,떡,L1_5,L2_41,L3_737
738,738,식품,요리,식빵,L1_5,L2_41,L3_738
739,739,식품,요리,크루아상,L1_5,L2_41,L3_739
740,740,식품,요리,호밀빵(식사용 빵),L1_5,L2_41,L3_740
741,741,식품,요리,케이크,L1_5,L2_41,L3_741
742,742,식품,요리,밥,L1_5,L2_41,L3_742
743,743,식품,요리,스프,L1_5,L2_41,L3_743
744,744,식품,요리,어묵,L1_5,L2_41,L3_744
745,745,식품,요리,튀김,L1_5,L2_41,L3_745
746,746,식품,요리,김밥,L1_5,L2_41,L3_746
747,747,식품,요리,스테이크,L1_5,L2_41,L3_747
748,748,식품,요리,파스타,L1_5,L2_41,L3_748
749,749,식품,요리,도시락(식품),L1_5,L2_41,L3_749
750,750,식품,요리,치킨,L1_5,L2_41,L3_750
751,751,식품,요리,랍스터,L1_5,L2_41,L3_751
752,752,식품,요리,국밥,L1_5,L2_41,L3_752
753,753,식품,요리,주먹밥,L1_5,L2_41,L3_753
754,754,식품,요리,쌀국수,L1_5,L2_41,L3_754
755,755,식품,조미료/재료,"소금,후추통",L1_5,L2_42,L3_755
756,756,식품,조미료/재료,식용유,L1_5,L2_42,L3_756
757,757,식품,조미료/재료,잼,L1_5,L2_42,L3_757
758,758,식품,조미료/재료,버터,L1_5,L2_42,L3_758
759,759,식품,조미료/재료,시럽,L1_5,L2_42,L3_759
760,760,식품,주류/차류,캔맥주,L1_5,L2_43,L3_760
761,761,식품,주류/차류,병맥주,L1_5,L2_43,L3_761
762,762,식품,주류/차류,와인병,L1_5,L2_43,L3_762
763,763,식품,주류/차류,소주,L1_5,L2_43,L3_763
764,764,식품,주류/차류,사케,L1_5,L2_43,L3_764
765,765,식품,주류/차류,고량주,L1_5,L2_43,L3_765
766,766,식품,주류/차류,양주,L1_5,L2_43,L3_766
767,767,식품,주류/차류,티백(차용),L1_5,L2_43,L3_767
768,768,의류잡화,잡화/가방,안경테,L1_6,L2_44,L3_768
769,769,의류잡화,잡화/가방,캐리어,L1_6,L2_44,L3_769
770,770,의류잡화,잡화/가방,숄더백,L1_6,L2_44,L3_770
771,771,의류잡화,잡화/가방,백팩,L1_6,L2_44,L3_771
772,772,의류잡화,잡화/가방,크로스백,L1_6,L2_44,L3_772
773,773,의류잡화,잡화/가방,운동화,L1_6,L2_44,L3_773
774,774,의류잡화,잡화/가방,스틸레토,L1_6,L2_44,L3_774
775,775,의류잡화,잡화/가방,플랫슈즈,L1_6,L2_44,L3_775
776,776,의류잡화,잡화/가방,웨지힐,L1_6,L2_44,L3_776
777,777,의류잡화,잡화/가방,남성구두,L1_6,L2_44,L3_777
778,778,의류잡화,잡화/가방,샌들,L1_6,L2_44,L3_778
779,779,의류잡화,잡화/가방,슬리퍼,L1_6,L2_44,L3_779
780,780,의류잡화,잡화/가방,플립플랍,L1_6,L2_44,L3_780
781,781,의류잡화,잡화/가방,롱부츠,L1_6,L2_44,L3_781
782,782,의류잡화,잡화/가방,앵클부츠,L1_6,L2_44,L3_782
783,783,의류잡화,잡화/가방,벨트,L1_6,L2_44,L3_783
784,784,의류잡화,잡화/가방,머플러,L1_6,L2_44,L3_784
785,785,의류잡화,잡화/가방,넥타이,L1_6,L2_44,L3_785
786,786,의류잡화,잡화/가방,선글라스,L1_6,L2_44,L3_786
787,787,의류잡화,잡화/가방,스냅백,L1_6,L2_44,L3_787
788,788,의류잡화,잡화/가방,서류가방,L1_6,L2_44,L3_788
789,789,의류잡화,잡화/가방,핸드백(토트백),L1_6,L2_44,L3_789
790,790,의류잡화,잡화/가방,베레모,L1_6,L2_44,L3_790
791,791,의류잡화,잡화/가방,중절모,L1_6,L2_44,L3_791
792,792,의류잡화,잡화/가방,비니,L1_6,L2_44,L3_792
793,793,의류잡화,잡화/가방,털모자,L1_6,L2_44,L3_793
794,794,의류잡화,잡화/가방,귀마개,L1_6,L2_44,L3_794
795,795,의류잡화,잡화/가방,손가락장갑,L1_6,L2_44,L3_795
796,796,의류잡화,잡화/가방,벙어리장갑,L1_6,L2_44,L3_796
797,797,의류잡화,잡화/가방,장지갑,L1_6,L2_44,L3_797
798,798,의류잡화,잡화/가방,중지갑/반지갑,L1_6,L2_44,L3_798
799,799,의류잡화,잡화/가방,카드지갑,L1_6,L2_44,L3_799
800,800,의류잡화,잡화/가방,동전지갑,L1_6,L2_44,L3_800
801,801,의류잡화,잡화/가방,발목양말,L1_6,L2_44,L3_801
802,802,의류잡화,잡화/가방,장목양말,L1_6,L2_44,L3_802
803,803,의류잡화,잡화/가방,덧신,L1_6,L2_44,L3_803
804,804,의류잡화,잡화/가방,우산,L1_6,L2_44,L3_804
805,805,의류잡화,잡화/가방,캔버스화,L1_6,L2_44,L3_805
806,806,의류잡화,잡화/가방,고무신,L1_6,L2_44,L3_806
807,807,의류잡화,잡화/가방,나비넥타이,L1_6,L2_44,L3_807
808,808,의류잡화,잡화/가방,모자(캡),L1_6,L2_44,L3_808
809,809,의류잡화,잡화/가방,카우보이모자,L1_6,L2_44,L3_809
810,810,의류잡화,잡화/가방,학사모,L1_6,L2_44,L3_810
811,811,의류잡화,잡화기타,가발,L1_6,L2_45,L3_811
812,812,의류잡화,잡화기타,옷걸이(삼각형),L1_6,L2_45,L3_812
813,813,의류잡화,잡화기타,옷핀,L1_6,L2_45,L3_813
814,814,의류잡화,잡화기타,가면,L1_6,L2_45,L3_814
815,815,의류잡화,잡화기타,옷걸이(바지걸이),L1_6,L2_45,L3_815
816,816,의류잡화,액세서리,귀걸이,L1_6,L2_46,L3_816
817,817,의류잡화,액세서리,목걸이,L1_6,L2_46,L3_817
818,818,의류잡화,액세서리,팔찌,L1_6,L2_46,L3_818
819,819,의류잡화,액세서리,일반 손목시계,L1_6,L2_46,L3_819
820,820,의류잡화,액세서리,전자 손목시계,L1_6,L2_46,L3_820
821,821,의류잡화,액세서리,반지,L1_6,L2_46,L3_821
822,822,의류잡화,액세서리,브로치,L1_6,L2_46,L3_822
823,823,의류잡화,액세서리,머리띠,L1_6,L2_46,L3_823
824,824,의류잡화,액세서리,머리핀,L1_6,L2_46,L3_824
825,825,의류잡화,액세서리,왕관,L1_6,L2_46,L3_825
826,826,의류잡화,액세서리,보석,L1_6,L2_46,L3_826
827,827,의류잡화,화장품,마스카라,L1_6,L2_47,L3_827
828,828,의류잡화,화장품,매니큐어,L1_6,L2_47,L3_828
829,829,의류잡화,화장품,팩트,L1_6,L2_47,L3_829
830,830,의류잡화,화장품,스프레이,L1_6,L2_47,L3_830
831,831,의류잡화,화장품,향수,L1_6,L2_47,L3_831
832,832,의류잡화,화장품,틴트/립글로스,L1_6,L2_47,L3_832
833,833,의류잡화,화장품,립스틱,L1_6,L2_47,L3_833
834,834,의류잡화,의류/속옷,반바지,L1_6,L2_48,L3_834
835,835,의류잡화,의류/속옷,코트,L1_6,L2_48,L3_835
836,836,의류잡화,의류/속옷,블라우스/셔츠,L1_6,L2_48,L3_836
837,837,의류잡화,의류/속옷,조끼,L1_6,L2_48,L3_837
838,838,의류잡화,의류/속옷,니트/스웨터,L1_6,L2_48,L3_838
839,839,의류잡화,의류/속옷,카디건,L1_6,L2_48,L3_839
840,840,의류잡화,의류/속옷,원피스,L1_6,L2_48,L3_840
841,841,의류잡화,의류/속옷,티셔츠,L1_6,L2_48,L3_841
842,842,의류잡화,의류/속옷,점퍼,L1_6,L2_48,L3_842
843,843,의류잡화,의류/속옷,의사가운,L1_6,L2_48,L3_843
844,844,의류잡화,의류/속옷,기모노,L1_6,L2_48,L3_844
845,845,의류잡화,의류/속옷,드레스,L1_6,L2_48,L3_845
846,846,의류잡화,의류/속옷,양복,L1_6,L2_48,L3_846
847,847,의류잡화,의류/속옷,후드티,L1_6,L2_48,L3_847
848,848,의류잡화,의류/속옷,재킷,L1_6,L2_48,L3_848
849,849,의류잡화,의류/속옷,청바지,L1_6,L2_48,L3_849
850,850,의류잡화,의류/속옷,트레이닝복,L1_6,L2_48,L3_850
851,851,의류잡화,의류/속옷,한복,L1_6,L2_48,L3_851
852,852,의류잡화,의류/속옷,남성수영복,L1_6,L2_48,L3_852
853,853,의류잡화,의류/속옷,여성수영복(비키니형),L1_6,L2_48,L3_853
854,854,의류잡화,의류/속옷,브라,L1_6,L2_48,L3_854
855,855,의류잡화,의류/속옷,남성용팬티,L1_6,L2_48,L3_855
856,856,의류잡화,의류/속옷,여성용팬티,L1_6,L2_48,L3_856
857,857,의류잡화,의류/속옷,잠옷,L1_6,L2_48,L3_857
858,858,의류잡화,의류/속옷,러닝셔츠,L1_6,L2_48,L3_858
859,859,차량/운송,차량기타,타이어/휠,L1_7,L2_49,L3_859
860,860,차량/운송,차량기타,자동차용 계기판,L1_7,L2_49,L3_860
861,861,차량/운송,차량기타,변속레버,L1_7,L2_49,L3_861
862,862,차량/운송,차량기타,스티어링휠(차량용 핸들),L1_7,L2_49,L3_862
863,863,차량/운송,차량기타,바퀴,L1_7,L2_49,L3_863
864,864,차량/운송,차량기타,주유기,L1_7,L2_49,L3_864
865,865,차량/운송,육상운송,오토바이,L1_7,L2_50,L3_865
866,866,차량/운송,육상운송,전동킥보드,L1_7,L2_50,L3_866
867,867,차량/운송,육상운송,전동휠,L1_7,L2_50,L3_867
868,868,차량/운송,육상운송,트럭,L1_7,L2_50,L3_868
869,869,차량/운송,육상운송,포크레인,L1_7,L2_50,L3_869
870,870,차량/운송,육상운송,불도저,L1_7,L2_50,L3_870
871,871,차량/운송,육상운송,캠핑카,L1_7,L2_50,L3_871
872,872,차량/운송,육상운송,견인차,L1_7,L2_50,L3_872
873,873,차량/운송,육상운송,구급차,L1_7,L2_50,L3_873
874,874,차량/운송,육상운송,승용차,L1_7,L2_50,L3_874
875,875,차량/운송,육상운송,경찰차,L1_7,L2_50,L3_875
876,876,차량/운송,육상운송,탱크,L1_7,L2_50,L3_876
877,877,차량/운송,육상운송,군용차,L1_7,L2_50,L3_877
878,878,차량/운송,육상운송,소방차,L1_7,L2_50,L3_878
879,879,차량/운송,육상운송,트레일러,L1_7,L2_50,L3_879
880,880,차량/운송,육상운송,굴착기,L1_7,L2_50,L3_880
881,881,차량/운송,육상운송,쇼핑카트,L1_7,L2_50,L3_881
882,882,차량/운송,육상운송,리어카,L1_7,L2_50,L3_882
883,883,차량/운송,육상운송,고속열차,L1_7,L2_50,L3_883
884,884,차량/운송,육상운송,오픈카,L1_7,L2_50,L3_884
885,885,차량/운송,육상운송,지게차,L1_7,L2_50,L3_885
886,886,차량/운송,육상운송,골프카트,L1_7,L2_50,L3_886
887,887,차량/운송,육상운송,쓰레기수거차,L1_7,L2_50,L3_887
888,888,차량/운송,육상운송,인력거,L1_7,L2_50,L3_888
889,889,차량/운송,육상운송,지프차,L1_7,L2_50,L3_889
890,890,차량/운송,육상운송,마차,L1_7,L2_50,L3_890
891,891,차량/운송,육상운송,리무진,L1_7,L2_50,L3_891
892,892,차량/운송,육상운송,스쿨버스,L1_7,L2_50,L3_892
893,893,차량/운송,육상운송,스포츠카,L1_7,L2_50,L3_893
894,894,차량/운송,육상운송,제설차,L1_7,L2_50,L3_894
895,895,차량/운송,육상운송,외발자전거,L1_7,L2_50,L3_895
896,896,차량/운송,육상운송,세발자전거,L1_7,L2_50,L3_896
897,897,차량/운송,육상운송,트랙터,L1_7,L2_50,L3_897
898,898,차량/운송,육상운송,기차,L1_7,L2_50,L3_898
899,899,차량/운송,육상운송,승합차(미니밴),L1_7,L2_50,L3_899
900,900,차량/운송,육상운송,suv자동차,L1_7,L2_50,L3_900
901,901,차량/운송,육상운송,레이싱카,L1_7,L2_50,L3_901
902,902,차량/운송,육상운송,버스,L1_7,L2_50,L3_902
903,903,차량/운송,육상운송,크레인(기중기),L1_7,L2_50,L3_903
904,904,차량/운송,육상운송,택시,L1_7,L2_50,L3_904
905,905,차량/운송,항공운송,헬리콥터,L1_7,L2_51,L3_905
906,906,차량/운송,항공운송,비행기,L1_7,L2_51,L3_906
907,907,차량/운송,항공운송,전투기,L1_7,L2_51,L3_907
908,908,차량/운송,항공운송,소형비행선,L1_7,L2_51,L3_908
909,909,차량/운송,항공운송,열기구,L1_7,L2_51,L3_909
910,910,차량/운송,해상운송,유람선,L1_7,L2_52,L3_910
911,911,차량/운송,해상운송,화물선,L1_7,L2_52,L3_911
912,912,차량/운송,해상운송,항공모함,L1_7,L2_52,L3_912
913,913,차량/운송,해상운송,곤돌라,L1_7,L2_52,L3_913
914,914,차량/운송,해상운송,범선,L1_7,L2_52,L3_914
915,915,차량/운송,해상운송,요트,L1_7,L2_52,L3_915
916,916,차량/운송,해상운송,잠수함,L1_7,L2_52,L3_916
917,917,차량/운송,해상운송,여객선,L1_7,L2_52,L3_917
918,918,차량/운송,해상운송,어선,L1_7,L2_52,L3_918
919,919,차량/운송,우주항공,우주선,L1_7,L2_53,L3_919
920,920,차량/운송,우주항공,인공위성,L1_7,L2_53,L3_920
921,921,차량/운송,우주항공,로켓,L1_7,L2_53,L3_921
922,922,기타,랜드마크,에펠탑,L1_8,L2_54,L3_922
923,923,기타,랜드마크,스핑크스,L1_8,L2_54,L3_923
924,924,기타,랜드마크,타지마할,L1_8,L2_54,L3_924
925,925,기타,랜드마크,피라미드,L1_8,L2_54,L3_925
926,926,기타,랜드마크,자유의 여신상,L1_8,L2_54,L3_926
927,927,기타,랜드마크,콜로세움,L1_8,L2_54,L3_927
928,928,기타,랜드마크,도쿄타워,L1_8,L2_54,L3_928
929,929,기타,랜드마크,동방명주,L1_8,L2_54,L3_929
930,930,기타,랜드마크,마리나베이샌즈,L1_8,L2_54,L3_930
931,931,기타,랜드마크,앙코르와트,L1_8,L2_54,L3_931
932,932,기타,랜드마크,루브르 박물관,L1_8,L2_54,L3_932
933,933,기타,랜드마크,엠파이어스테이트 빌딩,L1_8,L2_54,L3_933
934,934,기타,랜드마크,자금성,L1_8,L2_54,L3_934
935,935,기타,랜드마크,유니버셜 스튜디오(지구본),L1_8,L2_54,L3_935
936,936,기타,랜드마크,런던브릿지,L1_8,L2_54,L3_936
937,937,기타,건축물/구조물,신전,L1_8,L2_55,L3_937
938,938,기타,건축물/구조물,풍력발전기,L1_8,L2_55,L3_938
939,939,기타,건축물/구조물,난간,L1_8,L2_55,L3_939
940,940,기타,건축물/구조물,분수,L1_8,L2_55,L3_940
941,941,기타,건축물/구조물,건물,L1_8,L2_55,L3_941
942,942,기타,건축물/구조물,가로등,L1_8,L2_55,L3_942
943,943,기타,건축물/구조물,교량(다리),L1_8,L2_55,L3_943
944,944,기타,건축물/구조물,병원,L1_8,L2_55,L3_944
945,945,기타,건축물/구조물,성(Castle),L1_8,L2_55,L3_945
946,946,기타,건축물/구조물,교회,L1_8,L2_55,L3_946
947,947,기타,건축물/구조물,집/창고,L1_8,L2_55,L3_947
948,948,기타,건축물/구조물,신호등,L1_8,L2_55,L3_948
949,949,기타,건축물/구조물,바이킹,L1_8,L2_55,L3_949
950,950,기타,건축물/구조물,관람차,L1_8,L2_55,L3_950
951,951,기타,건축물/구조물,등대,L1_8,L2_55,L3_951
952,952,기타,건축물/구조물,회전목마,L1_8,L2_55,L3_952
953,953,기타,건축물/구조물,온실,L1_8,L2_55,L3_953
954,954,기타,건축물/구조물,단두대,L1_8,L2_55,L3_954
955,955,기타,건축물/구조물,공중전화,L1_8,L2_55,L3_955
956,956,기타,건축물/구조물,소화전,L1_8,L2_55,L3_956
957,957,기타,건축물/구조물,우체통/우편함,L1_8,L2_55,L3_957
958,958,기타,건축물/구조물,위성안테나,L1_8,L2_55,L3_958
959,959,기타,건축물/구조물,풍차,L1_8,L2_55,L3_959
960,960,기타,건축물/구조물,표지판,L1_8,L2_55,L3_960
961,961,기타,건축물/구조물,게르,L1_8,L2_55,L3_961
962,962,기타,건축물/구조물,이발소간판,L1_8,L2_55,L3_962
963,963,기타,건축물/구조물,급수탑,L1_8,L2_55,L3_963
964,964,기타,우주/자연물,토성,L1_8,L2_56,L3_964
965,965,기타,우주/자연물,별,L1_8,L2_56,L3_965
966,966,기타,우주/자연물,태양,L1_8,L2_56,L3_966
967,967,기타,우주/자연물,별똥별,L1_8,L2_56,L3_967
968,968,기타,우주/자연물,우주인,L1_8,L2_56,L3_968
969,969,기타,우주/자연물,초승달,L1_8,L2_56,L3_969
970,970,기타,우주/자연물,모닥불,L1_8,L2_56,L3_970
971,971,기타,우주/자연물,구름,L1_8,L2_56,L3_971
972,972,기타,우주/자연물,눈송이,L1_8,L2_56,L3_972
973,973,기타,우주/자연물,화산,L1_8,L2_56,L3_973
974,974,기타,우주/자연물,산,L1_8,L2_56,L3_974
975,975,기타,우주/자연물,무지개,L1_8,L2_56,L3_975
976,976,기타,우주/자연물,볏짚,L1_8,L2_56,L3_976
977,977,기타,우주/자연물,눈사람,L1_8,L2_56,L3_977
978,978,기타,군사/무기,활,L1_8,L2_57,L3_978
979,979,기타,군사/무기,대포,L1_8,L2_57,L3_979
980,980,기타,군사/무기,수류탄,L1_8,L2_57,L3_980
981,981,기타,군사/무기,낙하산,L1_8,L2_57,L3_981
982,982,기타,군사/무기,권총,L1_8,L2_57,L3_982
983,983,기타,군사/무기,기관총,L1_8,L2_57,L3_983
984,984,기타,군사/무기,검,L1_8,L2_57,L3_984
985,985,기타,군사/무기,무전기,L1_8,L2_57,L3_985
986,986,기타,군사/무기,미사일,L1_8,L2_57,L3_986
987,987,기타,군사/무기,철도 레일,L1_8,L2_57,L3_987
988,988,기타,인체/직업,뇌,L1_8,L2_58,L3_988
989,989,기타,인체/직업,심장,L1_8,L2_58,L3_989
990,990,기타,인체/직업,손,L1_8,L2_58,L3_990
991,991,기타,인체/직업,발,L1_8,L2_58,L3_991
992,992,기타,인체/직업,귀,L1_8,L2_58,L3_992
993,993,기타,인체/직업,코,L1_8,L2_58,L3_993
994,994,기타,인체/직업,눈,L1_8,L2_58,L3_994
995,995,기타,인체/직업,입술/입,L1_8,L2_58,L3_995
996,996,기타,인체/직업,눈썹,L1_8,L2_58,L3_996
997,997,기타,인체/직업,수염,L1_8,L2_58,L3_997
998,998,기타,인체/직업,위장,L1_8,L2_58,L3_998
999,999,기타,인체/직업,팔,L1_8,L2_58,L3_999
1000,1000,기타,인체/직업,이빨/치아,L1_8,L2_58,L3_1000
1001,1001,기타,인체/직업,얼굴,L1_8,L2_58,L3_1001
1002,1002,기타,인체/직업,뼈/해골,L1_8,L2_58,L3_1002
1003,1003,기타,인체/직업,앉아있는 사람,L1_8,L2_58,L3_1003
1004,1004,기타,인체/직업,걷는 사람,L1_8,L2_58,L3_1004
1005,1005,기타,인체/직업,산타클로스,L1_8,L2_58,L3_1005
1006,1006,기타,인체/직업,잠수부,L1_8,L2_58,L3_1006