id,level1,level2,level3
1,가구,거실가구,장식장
2,가구,거실가구,TV거실장
3,가구,거실가구,거실테이블
4,가구,거실가구,사이드테이블
5,가구,거실가구,소파
6,가구,거실가구,거실의자
7,가구,거실가구,좌식의자
8,가구,거실가구,흔들의자
9,가구,사무/학습용가구,독서실책상
10,가구,사무/학습용가구,사무용 책상
11,가구,사무/학습용가구,일자형책상
12,가구,사무/학습용가구,협탁
13,가구,사무/학습용가구,캐비닛
14,가구,사무/학습용가구,책장
15,가구,사무/학습용가구,사무용의자
16,가구,야외용가구,벤치
17,가구,야외용가구,야외용의자(선베드)
18,가구,주방침실가구,"주방수납장(상부, 하부장)"
19,가구,주방침실가구,싱크대
20,가구,주방침실가구,침대
21,가구,주방침실가구,식탁
22,가구,주방침실가구,서랍장
23,가구,주방침실가구,스툴
24,가구,주방침실가구,옷장
25,가구,주방침실가구,2층침대
26,가구,주방침실가구,화장대(+거울)
27,가전/디지털,계절가전,공기청정기
28,가전/디지털,계절가전,스탠드에어컨
29,가전/디지털,계절가전,벽걸이에어컨
30,가전/디지털,계절가전,잔디깎이
31,가전/디지털,계절가전,가습기
32,가전/디지털,계절가전,제습기
33,가전/디지털,계절가전,스탠드형 선풍기
34,가전/디지털,계절가전,천장형 선풍기
35,가전/디지털,계절가전,전기히터
36,가전/디지털,계절가전,라디에이터
37,가전/디지털,계절가전,서큘레이터
38,가전/디지털,주방가전,환풍기
39,가전/디지털,주방가전,전자레인지
40,가전/디지털,주방가전,가스레인지
41,가전/디지털,주방가전,가스레인지후드
42,가전/디지털,주방가전,믹서기 및 착즙기
43,가전/디지털,주방가전,오븐
44,가전/디지털,주방가전,에어프라이어
45,가전/디지털,주방가전,커피머신
46,가전/디지털,주방가전,전기밥솥
47,가전/디지털,주방가전,전기그릴
48,가전/디지털,주방가전,전기포트
49,가전/디지털,주방가전,토스터기
50,가전/디지털,주방가전,와인셀러
51,가전/디지털,주방가전,냉장고
52,가전/디지털,주방가전,김치냉장고
53,가전/디지털,주방가전,식기세척기
54,가전/디지털,주방가전,와플팬
55,가전/디지털,주방가전,음식물처리기
56,가전/디지털,주방가전,정수기(이온수기 포함)
57,가전/디지털,생활가전,통돌이세탁기
58,가전/디지털,생활가전,드럼세탁기
59,가전/디지털,생활가전,다리미
60,가전/디지털,생활가전,재봉틀
61,가전/디지털,생활가전,일반청소기
62,가전/디지털,생활가전,무선청소기
63,가전/디지털,생활가전,핸디형청소기
64,가전/디지털,생활가전,로봇청소기
65,가전/디지털,영상가전,TV
66,가전/디지털,영상가전,브라운관TV
67,가전/디지털,영상가전,빔프로젝터
68,가전/디지털,영상가전,DSLR 카메라
69,가전/디지털,영상가전,폴라로이드 카메라
70,가전/디지털,영상가전,디지털카메라
71,가전/디지털,영상가전,삼각대
72,가전/디지털,영상가전,캠코더
73,가전/디지털,영상가전,VR기기
74,가전/디지털,영상가전,리모콘
75,가전/디지털,디지털기기,모니터(모니터 액세서리 포함)
76,가전/디지털,디지털기기,노트북컴퓨터
77,가전/디지털,디지털기기,태블릿PC 
78,가전/디지털,디지털기기,스마트폰
79,가전/디지털,디지털기기,휴대전화플립형
80,가전/디지털,디지털기기,스마트워치
81,가전/디지털,디지털기기,휴대기기 보조배터리
82,가전/디지털,디지털기기,키보드
83,가전/디지털,디지털기기,타자기
84,가전/디지털,디지털기기,마우스
85,가전/디지털,디지털기기,프린터기
86,가전/디지털,디지털기기,복합기
87,가전/디지털,디지털기기,데스크탑컴퓨터
88,가전/디지털,디지털기기,"휴대전화(바형, 버튼식)"
89,가전/디지털,디지털기기,스캐너
90,가전/디지털,디지털기기,유심카드
91,가전/디지털,디지털기기,USB
92,가전/디지털,통신기기,가정용유선전화기
93,가전/디지털,통신기기,가정용무선전화기
94,가전/디지털,통신기기,홈네트워크단말기
95,가전/디지털,미용/헬스케어가전,전기면도기
96,가전/디지털,미용/헬스케어가전,헤어드라이어
97,가전/디지털,미용/헬스케어가전,헤어스타일링 기기(고데기)
98,가전/디지털,미용/헬스케어가전,안마의자
99,가전/디지털,미용/헬스케어가전,손 건조기
100,가전/디지털,미용/헬스케어가전,손 소독기
101,가전/디지털,차량용기기,내비게이션
102,가전/디지털,차량용기기,주차정산기
103,가전/디지털,음향가전,스피커
104,가전/디지털,음향가전,LP플레이어
105,가전/디지털,음향가전,CD플레이어
106,가전/디지털,음향가전,오디오
107,가전/디지털,음향가전,유선이어폰
108,가전/디지털,음향가전,MP3 플레이어
109,가전/디지털,음향가전,라디오
110,가전/디지털,음향가전,무선이어폰
111,가전/디지털,음향가전,헤드폰
112,가전/디지털,음향가전,마이크
113,가전/디지털,보안기기,디지털도어록
114,가전/디지털,보안기기,CCTV
115,가전/디지털,보안기기,지문인식기
116,가전/디지털,상업용기기,신용카드 매출발행기
117,가전/디지털,상업용기기,현금인출기
118,가전/디지털,상업용기기,자판기
119,가전/디지털,상업용기기,POS 바코드 스캐너
120,가전/디지털,기타기기,드론
121,가전/디지털,기타기기,거리측정기(골프용)
122,생활,주방용품,주방용 보관용기
123,생활,주방용품,머그컵
124,생활,주방용품,찻잔
125,생활,주방용품,물병
126,생활,주방용품,텀블러
127,생활,주방용품,맥주잔
128,생활,주방용품,보울(그릇)
129,생활,주방용품,감자칼
130,생활,주방용품,갈릭프레스
131,생활,주방용품,칵테일쉐이커
132,생활,주방용품,와인잔
133,생활,주방용품,와인오프너
134,생활,주방용품,와인디캔터
135,생활,주방용품,접시거치대
136,생활,주방용품,절구
137,생활,주방용품,도시락(용기)
138,생활,주방용품,비닐봉지
139,생활,주방용품,쟁반/트레이
140,생활,주방용품,얼음틀
141,생활,주방용품,냄비
142,생활,주방용품,가마솥
143,생활,주방용품,프라이팬/후라이팬
144,생활,주방용품,도마
145,생활,주방용품,숟가락
146,생활,주방용품,포크
147,생활,주방용품,젓가락
148,생활,주방용품,국자
149,생활,주방용품,주걱
150,생활,주방용품,주방용칼
151,생활,주방용품,채칼
152,생활,주방용품,빵칼
153,생활,주방용품,멀티쿠커
154,생활,주방용품,고무장갑
155,생활,주방용품,계량컵
156,생활,주방용품,저울
157,생활,주방용품,주전자/티포트
158,생활,주방용품,종이컵
159,생활,주방용품,식판
160,생활,주방용품,물티슈
161,생활,주방용품,앞치마
162,생활,주방용품,석쇠
163,생활,주방용품,항아리
164,생활,주방용품,음료용 빨대
165,생활,주방용품,비커
166,생활,주방용품,병따개
167,생활,주방용품,병뚜껑
168,생활,주방용품,부탄가스
169,생활,욕실용품,일반칫솔
170,생활,욕실용품,전동칫솔
171,생활,욕실용품,치간칫솔
172,생활,욕실용품,치실
173,생활,욕실용품,세면대
174,생활,욕실용품,변기
175,생활,욕실용품,욕조
176,생활,욕실용품,비데
177,생활,욕실용품,샤워헤드(샤워기+호스)
178,생활,욕실용품,수도꼭지
179,생활,욕실용품,휴지걸이
180,생활,욕실용품,변기솔
181,생활,욕실용품,두루마리휴지
182,생활,욕실용품,각티슈
183,생활,욕실용품,치약
184,생활,욕실용품,디스펜서
185,생활,의료/헬스케어용품,휠체어
186,생활,의료/헬스케어용품,지팡이
187,생활,의료/헬스케어용품,목발
188,생활,의료/헬스케어용품,체중계
189,생활,의료/헬스케어용품,신장계
190,생활,의료/헬스케어용품,산소마스크
191,생활,의료/헬스케어용품,온도계
192,생활,의료/헬스케어용품,체온계
193,생활,의료/헬스케어용품,구급상자
194,생활,의료/헬스케어용품,일회용밴드(대일밴드)
195,생활,의료/헬스케어용품,연고
196,생활,의료/헬스케어용품,알약
197,생활,의료/헬스케어용품,먼지차단마스크
198,생활,의료/헬스케어용품,방독면
199,생활,의료/헬스케어용품,면봉
200,생활,의료/헬스케어용품,콘택트렌즈
201,생활,의료/헬스케어용품,돋보기
202,생활,의료/헬스케어용품,현미경
203,생활,의료/헬스케어용품,핀셋
204,생활,의료/헬스케어용품,청진기
205,생활,의료/헬스케어용품,주사기
206,생활,홈데코/소품,디지털탁상시계
207,생활,홈데코/소품,탁상시계(자명종)
208,생활,홈데코/소품,괘종시계
209,생활,홈데코/소품,벽시계
210,생활,홈데코/소품,크리스마스양말
211,생활,홈데코/소품,선물
212,생활,홈데코/소품,형광등
213,생활,홈데코/소품,스탠드조명
214,생활,홈데코/소품,탁상조명
215,생활,홈데코/소품,양초
216,생활,홈데코/소품,지구본
217,생활,홈데코/소품,종이상자
218,생활,홈데코/소품,전구
219,생활,홈데코/소품,문고리
220,생활,홈데코/소품,달력
221,생활,홈데코/소품,꽃병
222,생활,홈데코/소품,화분
223,생활,홈데코/소품,커튼
224,생활,홈데코/소품,블라인드
225,생활,홈데코/소품,창문
226,생활,홈데코/소품,크리스마스트리
227,생활,홈데코/소품,가랜드
228,생활,홈데코/소품,깃발
229,생활,홈데코/소품,호박등(할로윈)
230,생활,홈데코/소품,보물상자
231,생활,홈데코/소품,트로피
232,생활,홈데코/소품,벽난로
233,생활,홈데코/소품,샹들리에
234,생활,홈데코/소품,어항
235,생활,홈데코/소품,행거
236,생활,홈데코/소품,베개
237,생활,홈데코/소품,모래시계
238,생활,홈데코/소품,종
239,생활,홈데코/소품,버티컬블라인드
240,생활,홈데코/소품,쿠션
241,생활,홈데코/소품,병풍
242,생활,홈데코/소품,리본(장식)
243,생활,홈데코/소품,디퓨저
244,생활,홈데코/소품,부채
245,생활,홈데코/소품,문
246,생활,공구/부품,전동드릴
247,생활,공구/부품,드라이버
248,생활,공구/부품,못
249,생활,공구/부품,볼트(나사)
250,생활,공구/부품,너트
251,생활,공구/부품,수평계
252,생활,공구/부품,사다리
253,생활,공구/부품,멀티탭
254,생활,공구/부품,공구함
255,생활,공구/부품,맥가이버칼
256,생활,공구/부품,플러그
257,생활,공구/부품,페인트붓
258,생활,공구/부품,줄자
259,생활,공구/부품,망치
260,생활,공구/부품,푸시형버튼
261,생활,공구/부품,콘센트
262,생활,공구/부품,파이프
263,생활,공구/부품,성냥
264,생활,공구/부품,대패
265,생활,공구/부품,덫
266,생활,공구/부품,전기톱
267,생활,공구/부품,가스밸브
268,생활,공구/부품,톱
269,생활,공구/부품,송곳
270,생활,사무/필기용품,각도기
271,생활,사무/필기용품,볼펜
272,생활,사무/필기용품,연필
273,생활,사무/필기용품,색연필
274,생활,사무/필기용품,붓
275,생활,사무/필기용품,팔레트
276,생활,사무/필기용품,스케치북
277,생활,사무/필기용품,깃털
278,생활,사무/필기용품,사무용 칼
279,생활,사무/필기용품,사무용 가위
280,생활,사무/필기용품,사무용 자
281,생활,사무/필기용품,스테이플러
282,생활,사무/필기용품,파일바인더
283,생활,사무/필기용품,사무용 집게
284,생활,사무/필기용품,서류봉투
285,생활,사무/필기용품,편지봉투
286,생활,사무/필기용품,자석
287,생활,사무/필기용품,연필깎이
288,생활,사무/필기용품,풀
289,생활,사무/필기용품,클립
290,생활,사무/필기용품,테이프
291,생활,사무/필기용품,돼지저금통
292,생활,사무/필기용품,필통
293,생활,사무/필기용품,만년필
294,생활,사무/필기용품,계산기
295,생활,사무/필기용품,도장
296,생활,사무/필기용품,책(일반도서)+잡지
297,생활,사무/필기용품,나침반
298,생활,사무/필기용품,주판
299,생활,사무/필기용품,스톱워치
300,생활,사무/필기용품,강연대
301,생활,차량용품,(차량용)휴대폰거치대
302,생활,기호/미용용품,전자담배
303,생활,기호/미용용품,헤어롤
304,생활,기호/미용용품,마스크팩
305,생활,기호/미용용품,담배
306,생활,기호/미용용품,브러시(화장용)
307,생활,기호/미용용품,헤어브러시
308,생활,기호/미용용품,라이터
309,생활,기호/미용용품,시가(파이프)
310,생활,안전/보안용품,다이얼금고
311,생활,안전/보안용품,열쇠형 금고
312,생활,안전/보안용품,안전삼각대
313,생활,안전/보안용품,경광봉
314,생활,안전/보안용품,호루라기
315,생활,안전/보안용품,소화기
316,생활,안전/보안용품,열쇠
317,생활,안전/보안용품,자물쇠
318,생활,안전/보안용품,자전거용 자물쇠
319,생활,음악/취미용품,카세트테이프
320,생활,음악/취미용품,LP
321,생활,음악/취미용품,1인용게임기
322,생활,음악/취미용품,조이스틱
323,생활,음악/취미용품,다인용게임기 컨트롤러
324,생활,음악/취미용품,퍼즐
325,생활,음악/취미용품,큐브
326,생활,음악/취미용품,바이올린
327,생활,음악/취미용품,첼로
328,생활,음악/취미용품,기타
329,생활,음악/취미용품,전자기타
330,생활,음악/취미용품,북
331,생활,음악/취미용품,꽹과리
332,생활,음악/취미용품,단소/피리
333,생활,음악/취미용품,플룻
334,생활,음악/취미용품,색소폰
335,생활,음악/취미용품,클라리넷
336,생활,음악/취미용품,하모니카
337,생활,음악/취미용품,호른
338,생활,음악/취미용품,트럼펫
339,생활,음악/취미용품,아코디언
340,생활,음악/취미용품,드럼
341,생활,음악/취미용품,심벌즈
342,생활,음악/취미용품,업라이트피아노
343,생활,음악/취미용품,그랜드피아노
344,생활,음악/취미용품,캐스터네츠
345,생활,음악/취미용품,트라이앵글
346,생활,음악/취미용품,오보에
347,생활,음악/취미용품,삽
348,생활,음악/취미용품,분무기
349,생활,음악/취미용품,마림바
350,생활,음악/취미용품,하프
351,생활,음악/취미용품,오카리나
352,생활,음악/취미용품,리코더
353,생활,음악/취미용품,체스
354,생활,음악/취미용품,바둑판
355,생활,음악/취미용품,건반
356,생활,음악/취미용품,망원경
357,생활,음악/취미용품,실로폰
358,생활,음악/취미용품,파이프오르간
359,생활,음악/취미용품,팬파이프
360,생활,음악/취미용품,이젤
361,생활,음악/취미용품,탬버린
362,생활,음악/취미용품,셀카봉
363,생활,반려동물용품,캣타워
364,생활,반려동물용품,말 안장
365,생활,반려동물용품,새집
366,생활,반려동물용품,입마개(강아지)
367,생활,반려동물용품,개껌
368,생활,스포츠/레저용품,침낭
369,생활,스포츠/레저용품,카라반
370,생활,스포츠/레저용품,러닝머신
371,생활,스포츠/레저용품,노
372,생활,스포츠/레저용품,케틀벨
373,생활,스포츠/레저용품,로잉머신
374,생활,스포츠/레저용품,철봉
375,생활,스포츠/레저용품,헬스사이클
376,생활,스포츠/레저용품,아령
377,생활,스포츠/레저용품,골프클럽
378,생활,스포츠/레저용품,트램폴린
379,생활,스포츠/레저용품,스텝퍼/스텝박스
380,생활,스포츠/레저용품,줄넘기
381,생활,스포츠/레저용품,훌라후프
382,생활,스포츠/레저용품,카누
383,생활,스포츠/레저용품,돛단배
384,생활,스포츠/레저용품,스케이트보드
385,생활,스포츠/레저용품,덤벨
386,생활,스포츠/레저용품,쌍안경
387,생활,스포츠/레저용품,2인용자전거
388,생활,스포츠/레저용품,모래주머니
389,생활,스포츠/레저용품,완력기
390,생활,스포츠/레저용품,골프가방
391,생활,스포츠/레저용품,텐트
392,생활,스포츠/레저용품,랜턴
393,생활,스포츠/레저용품,손전등
394,생활,스포츠/레저용품,접이식의자
395,생활,스포츠/레저용품,버너
396,생활,스포츠/레저용품,파라솔
397,생활,스포츠/레저용품,웨건
398,생활,스포츠/레저용품,인라인스케이트(롤러블레이드)
399,생활,스포츠/레저용품,보트
400,생활,스포츠/레저용품,물안경
401,생활,스포츠/레저용품,튜브
402,생활,스포츠/레저용품,오리발
403,생활,스포츠/레저용품,자전거
404,생활,스포츠/레저용품,헬멧
405,생활,스포츠/레저용품,드럼스틱
406,생활,스포츠/레저용품,럭비헬멧
407,생활,스포츠/레저용품,낚시대
408,생활,스포츠/레저용품,무릎보호대
409,생활,스포츠/레저용품,썰매
410,생활,스포츠/레저용품,고글
411,생활,스포츠/레저용품,평행봉
412,생활,스포츠/레저용품,탁구채
413,생활,스포츠/레저용품,스노클링고글
414,생활,스포츠/레저용품,스노보드
415,생활,스포츠/레저용품,스키
416,생활,스포츠/레저용품,축구공
417,생활,스포츠/레저용품,야구공
418,생활,스포츠/레저용품,테니스공
419,생활,스포츠/레저용품,농구공
420,생활,스포츠/레저용품,럭비공
421,생활,스포츠/레저용품,셔틀콕
422,생활,스포츠/레저용품,배드민턴라켓
423,생활,스포츠/레저용품,테니스라켓
424,생활,스포츠/레저용품,야구배트
425,생활,스포츠/레저용품,농구대
426,생활,스포츠/레저용품,아이스스케이트
427,생활,스포츠/레저용품,볼링핀
428,생활,스포츠/레저용품,서핑보드
429,생활,스포츠/레저용품,가스용 토치
430,생활,스포츠/레저용품,봅슬레이
431,생활,스포츠/레저용품,해먹
432,생활,스포츠/레저용품,드럼통
433,생활,스포츠/레저용품,숯
434,생활,스포츠/레저용품,부메랑
435,생활,스포츠/레저용품,폭죽(파티용)
436,생활,스포츠/레저용품,하키용스틱
437,생활,스포츠/레저용품,팽이
438,생활,스포츠/레저용품,확성기
439,생활,스포츠/레저용품,구명보트
440,생활,스포츠/레저용품,뗏목
441,생활,스포츠/레저용품,도끼
442,생활,유아/아동용품,아기침대
443,생활,유아/아동용품,아기띠/힙시트
444,생활,유아/아동용품,젖병
445,생활,유아/아동용품,유모차
446,생활,유아/아동용품,곰인형
447,생활,유아/아동용품,아기모자
448,생활,유아/아동용품,유아턱받이
449,생활,유아/아동용품,요람
450,생활,유아/아동용품,카시트
451,생활,유아/아동용품,블록장난감(레고)
452,생활,유아/아동용품,미끄럼틀
453,생활,유아/아동용품,시소
454,생활,유아/아동용품,그네
455,생활,유아/아동용품,딸랑이
456,생활,유아/아동용품,모빌
457,생활,유아/아동용품,바람개비
458,생활,유아/아동용품,기저귀
459,생활,빨래/청소용품,쓰레받기
460,생활,빨래/청소용품,식기건조대
461,생활,빨래/청소용품,바구니(바스켓)
462,생활,빨래/청소용품,빨래건조대
463,생활,빨래/청소용품,빨래집게
464,생활,빨래/청소용품,빗자루
465,생활,빨래/청소용품,다리미판
466,생활,빨래/청소용품,단추
467,생활,빨래/청소용품,바늘
468,생활,빨래/청소용품,지퍼
469,생활,빨래/청소용품,쓰레기통
470,생활,빨래/청소용품,먼지제거롤러
471,동식물,해양생물/어류,상어
472,동식물,해양생물/어류,불가사리
473,동식물,해양생물/어류,게
474,동식물,해양생물/어류,물개
475,동식물,해양생물/어류,가재
476,동식물,해양생물/어류,성게
477,동식물,해양생물/어류,문어
478,동식물,해양생물/어류,해마
479,동식물,해양생물/어류,가자미(물고기)
480,동식물,해양생물/어류,거북
481,동식물,해양생물/어류,메기
482,동식물,해양생물/어류,조개
483,동식물,해양생물/어류,잉어
484,동식물,해양생물/어류,굴
485,동식물,해양생물/어류,복어
486,동식물,해양생물/어류,오징어
487,동식물,해양생물/어류,고래
488,동식물,해양생물/어류,가오리
489,동식물,해양생물/어류,새우
490,동식물,해양생물/어류,돌고래
491,동식물,해양생물/어류,해파리
492,동식물,해양생물/어류,소라게
493,동식물,해양생물/어류,대게
494,동식물,해양생물/어류,농게
495,동식물,해양생물/어류,소라류
496,동식물,해양생물/어류,민달팽이
497,동식물,해양생물/어류,소라
498,동식물,해양생물/어류,말미잘
499,동식물,해양생물/어류,바다거북
500,동식물,해양생물/어류,라이언피쉬
501,동식물,해양생물/어류,흰동가리
502,동식물,해양생물/어류,산호
503,동식물,해양생물/어류,금붕어
504,동식물,조류/파충류,독수리
505,동식물,조류/파충류,왜가리
506,동식물,조류/파충류,부엉이
507,동식물,조류/파충류,제비
508,동식물,조류/파충류,딱다구리
509,동식물,조류/파충류,비둘기
510,동식물,조류/파충류,닭
511,동식물,조류/파충류,두루미
512,동식물,조류/파충류,까마귀
513,동식물,조류/파충류,꾀꼬리
514,동식물,조류/파충류,참새
515,동식물,조류/파충류,올빼미
516,동식물,조류/파충류,공작
517,동식물,조류/파충류,펠리컨
518,동식물,조류/파충류,뱀
519,동식물,조류/파충류,병아리
520,동식물,조류/파충류,백조
521,동식물,조류/파충류,앵무새
522,동식물,조류/파충류,홍학
523,동식물,조류/파충류,타조
524,동식물,조류/파충류,까치
525,동식물,조류/파충류,박쥐
526,동식물,조류/파충류,이구아나
527,동식물,조류/파충류,악어
528,동식물,조류/파충류,코브라
529,동식물,조류/파충류,트리케라톱스
530,동식물,조류/파충류,카멜레온
531,동식물,조류/파충류,목도리도마뱀
532,동식물,조류/파충류,토코투칸
533,동식물,조류/파충류,갈매기
534,동식물,조류/파충류,오리
535,동식물,조류/파충류,백로
536,동식물,조류/파충류,저어새
537,동식물,조류/파충류,청둥오리
538,동식물,포유류,사슴
539,동식물,포유류,소
540,동식물,포유류,낙타
541,동식물,포유류,늑대
542,동식물,포유류,염소
543,동식물,포유류,햄스터
544,동식물,포유류,원숭이
545,동식물,포유류,두더지
546,동식물,포유류,너구리
547,동식물,포유류,토끼
548,동식물,포유류,멧돼지
549,동식물,포유류,돼지
550,동식물,포유류,곰
551,동식물,포유류,여우
552,동식물,포유류,암사자
553,동식물,포유류,숫사자
554,동식물,포유류,말
555,동식물,포유류,얼룩말
556,동식물,포유류,기린
557,동식물,포유류,고양이
558,동식물,포유류,푸들
559,동식물,포유류,불독
560,동식물,포유류,시베리안허스키
561,동식물,포유류,차우차우
562,동식물,포유류,비숑프리제
563,동식물,포유류,말티즈
564,동식물,포유류,고릴라
565,동식물,포유류,나무늘보
566,동식물,포유류,산양
567,동식물,포유류,미어캣
568,동식물,포유류,아르마딜로
569,동식물,포유류,가젤
570,동식물,포유류,라마
571,동식물,포유류,스컹크
572,동식물,포유류,치타
573,동식물,포유류,캥거루
574,동식물,포유류,코뿔소
575,동식물,포유류,코알라
576,동식물,포유류,젖소
577,동식물,포유류,북극곰
578,동식물,포유류,판다/팬더
579,동식물,포유류,코끼리
580,동식물,포유류,하마
581,동식물,포유류,양
582,동식물,포유류,오리너구리
583,동식물,포유류,하이에나
584,동식물,포유류,개미핥기
585,동식물,포유류,다람쥐
586,동식물,포유류,고슴도치
587,동식물,포유류,수달
588,동식물,포유류,표범
589,동식물,포유류,호랑이
590,동식물,포유류,오소리
591,동식물,포유류,펭귄
592,동식물,포유류,쥐
593,동식물,곤충/절지동물,잠자리
594,동식물,곤충/절지동물,개미
595,동식물,곤충/절지동물,사마귀
596,동식물,곤충/절지동물,달팽이
597,동식물,곤충/절지동물,바퀴벌레
598,동식물,곤충/절지동물,모기
599,동식물,곤충/절지동물,매미
600,동식물,곤충/절지동물,전갈
601,동식물,곤충/절지동물,파리
602,동식물,곤충/절지동물,나비
603,동식물,곤충/절지동물,풍뎅이
604,동식물,곤충/절지동물,꿀벌
605,동식물,곤충/절지동물,개구리
606,동식물,곤충/절지동물,도마뱀
607,동식물,곤충/절지동물,메뚜기
608,동식물,곤충/절지동물,집게벌레
609,동식물,곤충/절지동물,쇠똥구리
610,동식물,곤충/절지동물,무당벌레
611,동식물,곤충/절지동물,거미
612,동식물,곤충/절지동물,지네
613,동식물,곤충/절지동물,진드기
614,동식물,곤충/절지동물,삼엽충
615,동식물,식물,해바라기
616,동식물,식물,야자수
617,동식물,식물,나무
618,동식물,식물,데이지
619,동식물,식물,선인장
620,동식물,식물,나뭇잎
621,동식물,식물,잔디
622,동식물,식물,소나무
623,동식물,식물,덤불
624,동식물,식물,카네이션
625,동식물,식물,튤립
626,동식물,식물,백합
627,동식물,식물,국화
628,동식물,식물,벼
629,동식물,식물,장미
630,식품,과채/해조류,사과
631,식품,과채/해조류,배
632,식품,과채/해조류,감귤
633,식품,과채/해조류,수박
634,식품,과채/해조류,멜론
635,식품,과채/해조류,토마토
636,식품,과채/해조류,딸기
637,식품,과채/해조류,키위
638,식품,과채/해조류,포도
639,식품,과채/해조류,복숭아
640,식품,과채/해조류,바나나
641,식품,과채/해조류,파인애플
642,식품,과채/해조류,레몬
643,식품,과채/해조류,망고
644,식품,과채/해조류,체리
645,식품,과채/해조류,아보카도
646,식품,과채/해조류,패션후르츠
647,식품,과채/해조류,리치
648,식품,과채/해조류,석류
649,식품,과채/해조류,산딸기
650,식품,과채/해조류,용과
651,식품,과채/해조류,감
652,식품,과채/해조류,고구마
653,식품,과채/해조류,감자
654,식품,과채/해조류,양파
655,식품,과채/해조류, 마늘
656,식품,과채/해조류, 오이
657,식품,과채/해조류,고추
658,식품,과채/해조류,파프리카
659,식품,과채/해조류,당근
660,식품,과채/해조류,양배추
661,식품,과채/해조류,브로콜리
662,식품,과채/해조류,상추
663,식품,과채/해조류,가지
664,식품,과채/해조류,애호박
665,식품,과채/해조류,옥수수
666,식품,과채/해조류,버섯
667,식품,과채/해조류,아스파라거스
668,식품,과채/해조류,인삼
669,식품,과채/해조류,배추
670,식품,과채/해조류,무
671,식품,과채/해조류,시금치
672,식품,과채/해조류,비트
673,식품,과채/해조류,청경채
674,식품,과채/해조류,샐러리
675,식품,과채/해조류,파
676,식품,과채/해조류,부추
677,식품,과채/해조류,단호박
678,식품,과채/해조류,늙은호박
679,식품,과채/해조류,미역
680,식품,과채/해조류,코코넛
681,식품,과채/해조류,완두콩
682,식품,과채/해조류,팽이버섯
683,식품,과채/해조류,블루베리
684,식품,과채/해조류,도토리
685,식품,과채/해조류,무화과
686,식품,견과류,호두
687,식품,견과류,아몬드
688,식품,견과류,땅콩
689,식품,견과류,밤
690,식품,견과류,피스타치오
691,식품,견과류,캐슈넛
692,식품,유제품/난류,계란
693,식품,유제품/난류,메추리알
694,식품,유제품/난류,우유(우유팩)
695,식품,유제품/난류,요구르트
696,식품,유제품/난류,치즈
697,식품,가공식품/디저트,감자튀김
698,식품,가공식품/디저트,햄버거
699,식품,가공식품/디저트,초콜릿
700,식품,가공식품/디저트,사탕
701,식품,가공식품/디저트,껌
702,식품,가공식품/디저트,젤리
703,식품,가공식품/디저트,아이스크림
704,식품,가공식품/디저트,라면
705,식품,가공식품/디저트,쿠키
706,식품,가공식품/디저트,막대사탕
707,식품,가공식품/디저트,커피믹스
708,식품,가공식품/디저트,푸딩
709,식품,가공식품/디저트,캐러멜
710,식품,가공식품/디저트,팝콘
711,식품,가공식품/디저트,시리얼
712,식품,가공식품/디저트,통조림
713,식품,가공식품/디저트,타르트
714,식품,가공식품/디저트,롤케이크
715,식품,가공식품/디저트,파이
716,식품,가공식품/디저트,도너츠/도넛
717,식품,가공식품/디저트,프레첼/프레츨
718,식품,가공식품/디저트,마카롱
719,식품,음료,탄산음료
720,식품,음료,커피
721,식품,음료,주스
722,식품,음료,코코아
723,식품,요리,김치
724,식품,요리,피자
725,식품,요리,핫도그
726,식품,요리,만두
727,식품,요리,샐러드
728,식품,요리,돈가스
729,식품,요리,떡갈비
730,식품,요리,베이컨
731,식품,요리,부리또
732,식품,요리,베이글
733,식품,요리,바게트
734,식품,요리,소시지
735,식품,요리,초밥
736,식품,요리,회
737,식품,요리,떡
738,식품,요리,식빵
739,식품,요리,크루아상
740,식품,요리,호밀빵(식사용 빵)
741,식품,요리,케이크
742,식품,요리,밥
743,식품,요리,스프
744,식품,요리,어묵
745,식품,요리,튀김
746,식품,요리,김밥
747,식품,요리,스테이크
748,식품,요리,파스타
749,식품,요리,도시락(식품)
750,식품,요리,치킨
751,식품,요리,랍스터
752,식품,요리,국밥
753,식품,요리,주먹밥
754,식품,요리,쌀국수
755,식품,조미료/재료,"소금,후추통"
756,식품,조미료/재료,식용유
757,식품,조미료/재료,잼
758,식품,조미료/재료,버터
759,식품,조미료/재료,시럽
760,식품,주류/차류,캔맥주
761,식품,주류/차류,병맥주
762,식품,주류/차류,와인병
763,식품,주류/차류,소주
764,식품,주류/차류,사케
765,식품,주류/차류,고량주
766,식품,주류/차류,양주
767,식품,주류/차류,티백(차용)
768,의류잡화,잡화/가방,안경테
769,의류잡화,잡화/가방,캐리어
770,의류잡화,잡화/가방,숄더백
771,의류잡화,잡화/가방,백팩
772,의류잡화,잡화/가방,크로스백
773,의류잡화,잡화/가방,운동화
774,의류잡화,잡화/가방,스틸레토
775,의류잡화,잡화/가방,플랫슈즈
776,의류잡화,잡화/가방,웨지힐
777,의류잡화,잡화/가방,남성구두
778,의류잡화,잡화/가방,샌들
779,의류잡화,잡화/가방,슬리퍼
780,의류잡화,잡화/가방,플립플랍
781,의류잡화,잡화/가방,롱부츠
782,의류잡화,잡화/가방,앵클부츠
783,의류잡화,잡화/가방,벨트
784,의류잡화,잡화/가방,머플러
785,의류잡화,잡화/가방,넥타이
786,의류잡화,잡화/가방,선글라스
787,의류잡화,잡화/가방,스냅백
788,의류잡화,잡화/가방,서류가방
789,의류잡화,잡화/가방,핸드백(토트백)
790,의류잡화,잡화/가방,베레모
791,의류잡화,잡화/가방,중절모
792,의류잡화,잡화/가방,비니
793,의류잡화,잡화/가방,털모자
794,의류잡화,잡화/가방,귀마개
795,의류잡화,잡화/가방,손가락장갑
796,의류잡화,잡화/가방,벙어리장갑
797,의류잡화,잡화/가방,장지갑
798,의류잡화,잡화/가방,중지갑/반지갑
799,의류잡화,잡화/가방,카드지갑
800,의류잡화,잡화/가방,동전지갑
801,의류잡화,잡화/가방,발목양말
802,의류잡화,잡화/가방,장목양말
803,의류잡화,잡화/가방,덧신
804,의류잡화,잡화/가방,우산
805,의류잡화,잡화/가방,캔버스화
806,의류잡화,잡화/가방,고무신
807,의류잡화,잡화/가방,나비넥타이
808,의류잡화,잡화/가방,모자(캡)
809,의류잡화,잡화/가방,카우보이모자
810,의류잡화,잡화/가방,학사모
811,의류잡화,잡화기타,가발
812,의류잡화,잡화기타,옷걸이(삼각형)
813,의류잡화,잡화기타,옷핀
814,의류잡화,잡화기타,가면
815,의류잡화,잡화기타,옷걸이(바지걸이)
816,의류잡화,액세서리,귀걸이
817,의류잡화,액세서리,목걸이
818,의류잡화,액세서리,팔찌
819,의류잡화,액세서리,일반 손목시계
820,의류잡화,액세서리,전자 손목시계
821,의류잡화,액세서리,반지
822,의류잡화,액세서리,브로치
823,의류잡화,액세서리,머리띠
824,의류잡화,액세서리,머리핀
825,의류잡화,액세서리,왕관
826,의류잡화,액세서리,보석
827,의류잡화,화장품,마스카라
828,의류잡화,화장품,매니큐어
829,의류잡화,화장품,팩트
830,의류잡화,화장품,스프레이
831,의류잡화,화장품,향수
832,의류잡화,화장품,틴트/립글로스
833,의류잡화,화장품,립스틱
834,의류잡화,의류/속옷,반바지
835,의류잡화,의류/속옷,코트
836,의류잡화,의류/속옷,블라우스/셔츠
837,의류잡화,의류/속옷,조끼
838,의류잡화,의류/속옷,니트/스웨터
839,의류잡화,의류/속옷,카디건
840,의류잡화,의류/속옷,원피스
841,의류잡화,의류/속옷,티셔츠
842,의류잡화,의류/속옷,점퍼
843,의류잡화,의류/속옷,의사가운
844,의류잡화,의류/속옷,기모노
845,의류잡화,의류/속옷,드레스
846,의류잡화,의류/속옷,양복
847,의류잡화,의류/속옷,후드티
848,의류잡화,의류/속옷,재킷
849,의류잡화,의류/속옷,청바지
850,의류잡화,의류/속옷,트레이닝복
851,의류잡화,의류/속옷,한복
852,의류잡화,의류/속옷,남성수영복
853,의류잡화,의류/속옷,여성수영복(비키니형)
854,의류잡화,의류/속옷,브라
855,의류잡화,의류/속옷,남성용팬티
856,의류잡화,의류/속옷,여성용팬티
857,의류잡화,의류/속옷,잠옷
858,의류잡화,의류/속옷,러닝셔츠
859,차량/운송,차량기타,타이어/휠
860,차량/운송,차량기타,자동차용 계기판
861,차량/운송,차량기타,변속레버
862,차량/운송,차량기타,스티어링휠(차량용 핸들)
863,차량/운송,차량기타,바퀴
864,차량/운송,차량기타,주유기
865,차량/운송,육상운송,오토바이
866,차량/운송,육상운송,전동킥보드
867,차량/운송,육상운송,전동휠
868,차량/운송,육상운송,트럭
869,차량/운송,육상운송,포크레인
870,차량/운송,육상운송,불도저
871,차량/운송,육상운송,캠핑카
872,차량/운송,육상운송,견인차
873,차량/운송,육상운송,구급차
874,차량/운송,육상운송,승용차
875,차량/운송,육상운송,경찰차
876,차량/운송,육상운송,탱크
877,차량/운송,육상운송,군용차
878,차량/운송,육상운송,소방차
879,차량/운송,육상운송,트레일러
880,차량/운송,육상운송,굴착기
881,차량/운송,육상운송,쇼핑카트
882,차량/운송,육상운송,리어카
883,차량/운송,육상운송,고속열차
884,차량/운송,육상운송,오픈카
885,차량/운송,육상운송,지게차
886,차량/운송,육상운송,골프카트
887,차량/운송,육상운송,쓰레기수거차
888,차량/운송,육상운송,인력거
889,차량/운송,육상운송,지프차
890,차량/운송,육상운송,마차
891,차량/운송,육상운송,리무진
892,차량/운송,육상운송,스쿨버스
893,차량/운송,육상운송,스포츠카
894,차량/운송,육상운송,제설차
895,차량/운송,육상운송,외발자전거
896,차량/운송,육상운송,세발자전거
897,차량/운송,육상운송,트랙터
898,차량/운송,육상운송,기차
899,차량/운송,육상운송,승합차(미니밴)
900,차량/운송,육상운송,suv자동차
901,차량/운송,육상운송,레이싱카
902,차량/운송,육상운송,버스
903,차량/운송,육상운송,크레인(기중기)
904,차량/운송,육상운송,택시
905,차량/운송,항공운송,헬리콥터
906,차량/운송,항공운송,비행기
907,차량/운송,항공운송,전투기
908,차량/운송,항공운송,소형비행선
909,차량/운송,항공운송,열기구
910,차량/운송,해상운송,유람선
911,차량/운송,해상운송,화물선
912,차량/운송,해상운송,항공모함
913,차량/운송,해상운송,곤돌라
914,차량/운송,해상운송,범선
915,차량/운송,해상운송,요트
916,차량/운송,해상운송,잠수함
917,차량/운송,해상운송,여객선
918,차량/운송,해상운송,어선
919,차량/운송,우주항공,우주선
920,차량/운송,우주항공,인공위성
921,차량/운송,우주항공,로켓
922,기타,랜드마크,에펠탑
923,기타,랜드마크,스핑크스
924,기타,랜드마크,타지마할
925,기타,랜드마크,피라미드
926,기타,랜드마크,자유의 여신상
927,기타,랜드마크,콜로세움
928,기타,랜드마크,도쿄타워
929,기타,랜드마크,동방명주
930,기타,랜드마크,마리나베이샌즈
931,기타,랜드마크,앙코르와트
932,기타,랜드마크,루브르 박물관
933,기타,랜드마크,엠파이어스테이트 빌딩
934,기타,랜드마크,자금성
935,기타,랜드마크,유니버셜 스튜디오(지구본)
936,기타,랜드마크,런던브릿지
937,기타,건축물/구조물,신전
938,기타,건축물/구조물,풍력발전기
939,기타,건축물/구조물,난간
940,기타,건축물/구조물,분수
941,기타,건축물/구조물,건물
942,기타,건축물/구조물,가로등
943,기타,건축물/구조물,교량(다리)
944,기타,건축물/구조물,병원
945,기타,건축물/구조물,성(Castle)
946,기타,건축물/구조물,교회
947,기타,건축물/구조물,집/창고
948,기타,건축물/구조물,신호등
949,기타,건축물/구조물,바이킹
950,기타,건축물/구조물,관람차
951,기타,건축물/구조물,등대
952,기타,건축물/구조물,회전목마
953,기타,건축물/구조물,온실
954,기타,건축물/구조물,단두대
955,기타,건축물/구조물,공중전화
956,기타,건축물/구조물,소화전
957,기타,건축물/구조물,우체통/우편함
958,기타,건축물/구조물,위성안테나
959,기타,건축물/구조물,풍차
960,기타,건축물/구조물,표지판
961,기타,건축물/구조물,게르
962,기타,건축물/구조물,이발소간판
963,기타,건축물/구조물,급수탑
964,기타,우주/자연물,토성
965,기타,우주/자연물,별
966,기타,우주/자연물,태양
967,기타,우주/자연물,별똥별
968,기타,우주/자연물,우주인
969,기타,우주/자연물,초승달
970,기타,우주/자연물,모닥불
971,기타,우주/자연물,구름
972,기타,우주/자연물,눈송이
973,기타,우주/자연물,화산
974,기타,우주/자연물,산
975,기타,우주/자연물,무지개
976,기타,우주/자연물,볏짚
977,기타,우주/자연물,눈사람
978,기타,군사/무기,활
979,기타,군사/무기,대포
980,기타,군사/무기,수류탄
981,기타,군사/무기,낙하산
982,기타,군사/무기,권총
983,기타,군사/무기,기관총
984,기타,군사/무기,검
985,기타,군사/무기,무전기
986,기타,군사/무기,미사일
987,기타,군사/무기,철도 레일
988,기타,인체/직업,뇌
989,기타,인체/직업,심장
990,기타,인체/직업,손
991,기타,인체/직업,발
992,기타,인체/직업,귀
993,기타,인체/직업,코
994,기타,인체/직업,눈
995,기타,인체/직업,입술/입
996,기타,인체/직업,눈썹
997,기타,인체/직업,수염
998,기타,인체/직업,위장
999,기타,인체/직업,팔
1000,기타,인체/직업,이빨/치아
1001,기타,인체/직업,얼굴
1002,기타,인체/직업,뼈/해골
1003,기타,인체/직업,앉아있는 사람
1004,기타,인체/직업,걷는 사람
1005,기타,인체/직업,산타클로스
1006,기타,인체/직업,잠수부
